stageId,numPartitions,partitionData
0,15,"[254, 115, 187, 276, 200, 123, 278, 180, 269, 181, 248, 263, 236, 162, 249]"
1,14,"[258, 101, 280, 296, 100, 251, 255, 250, 262, 260, 174, 263, 231, 213]"
2,15,"[59, 176, 119, 72, 154, 147, 5423, 100, 138, 97, 92, 146, 113, 86, 59]"
3,7,"[166, 51, 191, 199, 135, 6702, 67]"
4,11,"[286, 226, 282, 237, 223, 140, 209, 209, 204, 134, 245]"
5,12,"[198, 300, 106, 116, 242, 195, 300, 178, 145, 242, 242, 197]"
6,13,"[167, 53, 70, 7879, 98, 72, 162, 131, 109, 185, 120, 159, 86]"
7,16,"[215, 233, 257, 251, 249, 108, 113, 283, 160, 116, 245, 167, 126, 269, 250, 237]"
8,18,"[221, 125, 198, 139, 205, 277, 101, 172, 276, 131, 260, 134, 211, 211, 248, 291, 106, 245]"
9,16,"[7574, 195, 190, 165, 134, 68, 59, 65, 160, 64, 107, 123, 152, 52, 138, 126]"
10,18,"[169, 123, 118, 139, 103, 149, 6355, 111, 56, 130, 153, 104, 59, 175, 90, 73, 115, 95]"
11,18,"[168, 148, 197, 151, 106, 255, 283, 282, 269, 252, 154, 225, 235, 256, 251, 188, 264, 103]"
12,15,"[115, 245, 286, 212, 101, 111, 161, 285, 266, 130, 202, 120, 196, 189, 155]"
13,6,"[255, 201, 198, 192, 294, 167]"
14,8,"[104, 254, 229, 179, 148, 127, 115, 282]"
15,7,"[295, 141, 103, 194, 243, 221, 198]"
16,15,"[203, 269, 228, 189, 162, 228, 273, 166, 120, 290, 299, 184, 142, 263, 120]"
17,15,"[153, 260, 154, 114, 111, 289, 149, 271, 268, 151, 296, 211, 239, 296, 202]"
18,20,"[129, 65, 173, 192, 92, 59, 107, 94, 85, 148, 137, 196, 124, 170, 100, 87, 182, 104, 6481, 87]"
19,18,"[107, 72, 187, 77, 92, 182, 139, 50, 122, 179, 137, 166, 84, 180, 79, 69, 5685, 98]"
20,10,"[153, 245, 280, 289, 298, 233, 131, 259, 144, 125]"
21,17,"[229, 199, 102, 284, 196, 248, 140, 230, 290, 300, 247, 187, 226, 192, 285, 209, 211]"
22,8,"[227, 124, 182, 173, 300, 166, 247, 170]"
23,14,"[181, 277, 260, 126, 135, 253, 217, 172, 169, 194, 216, 139, 220, 286]"
24,5,"[178, 145, 200, 258, 259]"
25,10,"[143, 57, 6775, 117, 64, 160, 57, 135, 177, 182]"
26,13,"[262, 184, 162, 109, 217, 249, 123, 261, 300, 218, 289, 260, 123]"
27,6,"[243, 149, 180, 218, 242, 132]"
28,10,"[173, 83, 112, 151, 82, 185, 8685, 72, 170, 166]"
29,19,"[117, 185, 261, 220, 130, 160, 238, 171, 214, 120, 252, 254, 125, 198, 261, 122, 255, 296, 101]"
30,11,"[282, 144, 112, 262, 217, 256, 230, 240, 146, 248, 237]"
31,10,"[167, 212, 299, 276, 169, 246, 271, 127, 203, 173]"
32,19,"[284, 230, 165, 154, 299, 240, 105, 111, 282, 161, 192, 104, 175, 287, 287, 296, 167, 207, 257]"
33,19,"[109, 166, 117, 104, 163, 6095, 191, 151, 161, 185, 181, 195, 106, 151, 107, 184, 114, 179, 131]"
34,10,"[271, 214, 113, 244, 209, 221, 143, 167, 223, 178]"
35,19,"[242, 227, 120, 111, 203, 132, 253, 129, 240, 180, 279, 274, 199, 243, 281, 176, 251, 125, 177]"
36,15,"[88, 79, 84, 199, 187, 142, 181, 161, 8956, 56, 179, 157, 160, 137, 75]"
37,14,"[171, 145, 287, 207, 179, 198, 256, 208, 186, 172, 185, 207, 232, 256]"
38,11,"[55, 75, 122, 180, 50, 80, 130, 9845, 72, 119, 66]"
39,12,"[152, 182, 51, 122, 54, 96, 53, 9550, 155, 72, 188, 156]"
40,16,"[198, 218, 297, 122, 240, 134, 174, 178, 152, 122, 212, 131, 251, 165, 238, 261]"
41,11,"[128, 147, 233, 273, 260, 153, 278, 252, 213, 215, 104]"
42,11,"[114, 127, 144, 238, 215, 300, 266, 293, 144, 223, 274]"
43,20,"[257, 157, 246, 141, 144, 258, 134, 269, 154, 127, 209, 229, 252, 143, 287, 224, 177, 276, 253, 106]"
44,13,"[225, 122, 274, 197, 231, 200, 148, 149, 124, 125, 253, 262, 120]"
45,10,"[235, 218, 127, 125, 199, 155, 212, 198, 164, 219]"
46,8,"[174, 6519, 52, 100, 187, 159, 106, 97]"
47,12,"[254, 292, 289, 201, 110, 139, 148, 269, 185, 112, 246, 178]"
48,5,"[256, 215, 112, 223, 152]"
49,5,"[106, 110, 52, 5404, 195]"
50,14,"[154, 79, 139, 146, 5437, 95, 178, 196, 160, 98, 136, 86, 62, 108]"
51,17,"[215, 210, 207, 266, 122, 250, 226, 251, 246, 165, 247, 136, 152, 195, 226, 152, 276]"
52,20,"[291, 127, 138, 251, 132, 241, 166, 129, 184, 201, 160, 127, 139, 129, 146, 293, 294, 281, 116, 280]"
53,18,"[189, 170, 121, 63, 168, 162, 118, 187, 58, 8728, 102, 162, 61, 110, 161, 180, 84, 108]"
54,18,"[230, 209, 185, 239, 151, 242, 244, 137, 157, 190, 114, 218, 282, 230, 253, 261, 164, 137]"
55,15,"[105, 75, 91, 160, 144, 167, 170, 125, 9174, 117, 142, 198, 105, 82, 125]"
56,20,"[269, 233, 262, 218, 246, 297, 252, 245, 169, 163, 209, 184, 247, 238, 172, 112, 101, 272, 198, 200]"
57,9,"[190, 223, 219, 224, 229, 169, 261, 190, 102]"
58,13,"[182, 214, 200, 179, 110, 268, 105, 234, 188, 247, 175, 296, 175]"
59,12,"[101, 5160, 156, 105, 104, 115, 69, 53, 52, 52, 125, 146]"
60,9,"[106, 221, 131, 173, 283, 174, 102, 162, 234]"
61,18,"[188, 120, 158, 109, 223, 210, 215, 264, 139, 144, 272, 216, 198, 240, 222, 121, 174, 300]"
62,17,"[269, 245, 264, 158, 246, 167, 254, 109, 125, 215, 133, 185, 234, 256, 117, 208, 121]"
63,14,"[102, 233, 229, 264, 123, 262, 195, 292, 267, 112, 218, 244, 276, 231]"
64,15,"[187, 189, 84, 160, 78, 123, 162, 151, 171, 73, 7795, 94, 173, 98, 133]"
65,19,"[103, 51, 9051, 135, 138, 192, 140, 162, 95, 133, 100, 72, 132, 155, 54, 51, 91, 73, 64]"
66,15,"[184, 158, 228, 234, 212, 238, 213, 155, 142, 287, 186, 178, 184, 104, 140]"
67,13,"[125, 219, 245, 218, 138, 148, 171, 183, 261, 119, 179, 100, 225]"
68,16,"[133, 230, 156, 242, 283, 107, 154, 180, 228, 251, 138, 169, 183, 298, 272, 267]"
69,17,"[104, 135, 131, 110, 265, 161, 296, 185, 147, 126, 247, 284, 292, 289, 278, 110, 237]"
70,15,"[255, 247, 195, 144, 263, 171, 163, 277, 236, 223, 177, 198, 254, 177, 150]"
71,12,"[159, 84, 165, 117, 55, 51, 186, 171, 9892, 106, 179, 77]"
72,5,"[124, 7452, 54, 97, 82]"
73,6,"[211, 192, 142, 231, 225, 203]"
74,6,"[249, 169, 105, 231, 130, 199]"
75,16,"[208, 286, 198, 170, 112, 252, 193, 269, 184, 118, 270, 127, 212, 221, 209, 194]"
76,7,"[256, 131, 286, 166, 174, 283, 299]"
77,6,"[195, 183, 175, 171, 188, 138]"
78,10,"[289, 138, 209, 265, 258, 151, 203, 202, 157, 271]"
79,10,"[258, 183, 174, 123, 143, 229, 235, 102, 186, 258]"
80,12,"[292, 157, 133, 173, 111, 243, 190, 108, 160, 292, 295, 108]"
81,18,"[160, 297, 117, 259, 265, 130, 189, 215, 108, 204, 129, 101, 142, 242, 150, 223, 165, 191]"
82,17,"[173, 122, 135, 114, 87, 156, 129, 193, 71, 8753, 165, 67, 188, 101, 72, 164, 162]"
83,9,"[157, 260, 185, 220, 148, 245, 133, 114, 171]"
84,6,"[210, 239, 232, 293, 283, 158]"
85,20,"[146, 147, 151, 281, 193, 227, 206, 200, 129, 149, 154, 257, 169, 269, 261, 113, 246, 273, 289, 159]"
86,13,"[208, 209, 203, 163, 300, 164, 125, 131, 210, 235, 221, 238, 106]"
87,8,"[53, 98, 144, 134, 78, 5690, 107, 192]"
88,19,"[145, 116, 204, 136, 241, 180, 219, 227, 101, 180, 100, 226, 278, 296, 297, 266, 232, 209, 283]"
89,14,"[93, 162, 163, 123, 156, 63, 7004, 167, 116, 75, 129, 77, 123, 173]"
90,16,"[213, 179, 122, 272, 152, 105, 296, 235, 206, 209, 205, 282, 137, 216, 194, 111]"
91,11,"[259, 167, 115, 269, 246, 109, 121, 186, 205, 253, 160]"
92,7,"[235, 139, 257, 115, 163, 125, 275]"
93,13,"[94, 197, 124, 157, 110, 117, 200, 120, 153, 139, 6923, 153, 64]"
94,14,"[226, 204, 195, 165, 286, 285, 192, 253, 244, 204, 159, 201, 115, 225]"
95,11,"[242, 263, 298, 193, 232, 207, 297, 240, 208, 207, 255]"
96,14,"[199, 178, 258, 274, 124, 137, 106, 237, 289, 218, 227, 188, 269, 286]"
97,8,"[170, 241, 116, 250, 253, 208, 281, 133]"
98,12,"[183, 227, 277, 248, 153, 122, 221, 170, 103, 198, 138, 267]"
99,8,"[195, 231, 199, 182, 218, 252, 104, 158]"
100,7,"[241, 156, 214, 296, 105, 178, 164]"
101,12,"[70, 57, 51, 9063, 128, 118, 143, 143, 185, 148, 125, 187]"
102,8,"[277, 258, 236, 282, 105, 132, 114, 128]"
103,14,"[225, 106, 235, 209, 109, 271, 110, 181, 186, 219, 288, 172, 286, 239]"
104,12,"[149, 135, 144, 61, 7199, 89, 97, 77, 140, 185, 80, 167]"
105,19,"[162, 109, 165, 157, 152, 166, 229, 225, 197, 188, 212, 168, 197, 228, 139, 248, 184, 166, 234]"
106,9,"[235, 226, 227, 276, 166, 229, 300, 215, 224]"
107,16,"[195, 291, 141, 242, 232, 227, 210, 187, 299, 142, 177, 238, 111, 235, 196, 131]"
108,8,"[74, 184, 187, 51, 7469, 121, 81, 152]"
109,6,"[167, 238, 275, 182, 102, 178]"
110,9,"[208, 129, 283, 169, 251, 104, 293, 185, 223]"
111,7,"[184, 262, 256, 152, 169, 200, 139]"
112,13,"[282, 250, 207, 128, 234, 281, 185, 204, 119, 297, 108, 147, 117]"
113,10,"[142, 122, 146, 149, 153, 141, 127, 142, 192, 208]"
114,19,"[166, 219, 229, 133, 254, 226, 154, 170, 152, 285, 239, 102, 222, 158, 184, 150, 229, 125, 188]"
115,17,"[166, 109, 179, 270, 138, 236, 185, 251, 172, 180, 162, 198, 294, 281, 209, 228, 157]"
116,8,"[112, 79, 9862, 115, 114, 111, 97, 161]"
117,17,"[169, 120, 171, 167, 221, 186, 224, 255, 282, 270, 213, 235, 220, 181, 220, 239, 237]"
118,11,"[272, 145, 117, 133, 139, 157, 139, 170, 164, 300, 167]"
119,11,"[180, 72, 68, 171, 139, 53, 67, 197, 59, 80, 7457]"
120,12,"[198, 108, 152, 161, 133, 172, 121, 96, 58, 154, 6828, 70]"
121,18,"[249, 214, 158, 123, 133, 136, 208, 164, 144, 154, 160, 270, 191, 102, 241, 153, 237, 126]"
122,9,"[57, 154, 157, 163, 6350, 157, 132, 64, 154]"
123,20,"[176, 135, 221, 101, 175, 228, 198, 270, 117, 136, 267, 259, 256, 211, 219, 173, 286, 203, 100, 119]"
124,11,"[182, 100, 194, 84, 8455, 187, 77, 159, 61, 181, 69]"
125,8,"[60, 9847, 115, 93, 149, 66, 50, 181]"
126,18,"[213, 239, 211, 289, 203, 116, 208, 299, 298, 262, 125, 113, 150, 150, 145, 273, 199, 257]"
127,11,"[270, 110, 138, 144, 277, 110, 281, 141, 293, 218, 212]"
128,8,"[103, 183, 261, 165, 197, 215, 278, 267]"
129,20,"[254, 221, 225, 271, 248, 298, 293, 264, 158, 209, 112, 137, 191, 294, 231, 121, 229, 164, 166, 179]"
130,16,"[196, 286, 189, 118, 109, 254, 108, 244, 191, 251, 205, 180, 203, 201, 126, 176]"
131,14,"[154, 269, 254, 166, 248, 242, 235, 113, 161, 152, 268, 244, 239, 188]"
132,9,"[123, 102, 7516, 110, 111, 87, 106, 196, 99]"
133,7,"[277, 289, 193, 292, 209, 174, 171]"
134,20,"[124, 225, 160, 180, 290, 267, 197, 193, 204, 289, 113, 119, 139, 118, 232, 156, 232, 233, 159, 108]"
135,20,"[148, 228, 223, 144, 283, 176, 299, 108, 186, 242, 139, 106, 264, 255, 233, 238, 114, 239, 265, 104]"
136,15,"[141, 171, 116, 148, 238, 208, 281, 117, 177, 211, 110, 195, 166, 136, 228]"
137,11,"[93, 73, 84, 6277, 85, 160, 84, 140, 89, 103, 188]"
138,5,"[112, 82, 6549, 104, 79]"
139,5,"[211, 139, 265, 160, 252]"
140,17,"[88, 155, 112, 81, 155, 136, 5498, 186, 129, 193, 84, 121, 56, 94, 165, 129, 98]"
141,13,"[200, 213, 149, 220, 295, 107, 124, 288, 153, 147, 104, 175, 137]"
142,14,"[147, 91, 167, 184, 121, 62, 74, 91, 122, 58, 85, 7104, 81, 197]"
143,13,"[157, 242, 208, 139, 281, 116, 139, 173, 106, 259, 195, 249, 251]"
144,8,"[288, 171, 279, 205, 241, 124, 128, 280]"
145,7,"[7296, 67, 68, 166, 186, 166, 101]"
146,13,"[103, 131, 140, 106, 113, 151, 220, 244, 185, 256, 164, 256, 106]"
147,16,"[169, 123, 151, 109, 73, 74, 74, 6860, 52, 104, 112, 151, 179, 190, 152, 140]"
148,20,"[270, 169, 172, 223, 171, 168, 224, 145, 257, 223, 202, 266, 236, 185, 235, 283, 225, 293, 154, 250]"
149,13,"[289, 137, 267, 227, 178, 299, 225, 205, 164, 273, 142, 222, 114]"
150,19,"[153, 124, 273, 265, 122, 164, 279, 289, 130, 241, 266, 185, 170, 166, 200, 214, 238, 160, 242]"
151,7,"[234, 213, 273, 276, 168, 256, 174]"
152,18,"[192, 260, 118, 138, 205, 221, 273, 240, 210, 138, 147, 289, 198, 175, 216, 122, 170, 188]"
153,15,"[247, 142, 211, 102, 280, 283, 167, 242, 126, 168, 216, 173, 187, 260, 222]"
154,16,"[111, 60, 113, 114, 66, 105, 62, 126, 123, 98, 188, 65, 181, 189, 67, 9229]"
155,6,"[191, 249, 161, 214, 271, 283]"
156,7,"[136, 9064, 195, 58, 109, 184, 105]"
157,18,"[203, 296, 169, 243, 259, 136, 160, 247, 122, 144, 293, 212, 215, 121, 148, 122, 282, 186]"
158,10,"[145, 289, 183, 129, 239, 143, 120, 266, 163, 125]"
159,11,"[129, 265, 107, 175, 207, 120, 205, 144, 117, 276, 154]"
160,12,"[113, 214, 192, 108, 101, 244, 124, 265, 294, 274, 254, 217]"
161,10,"[94, 193, 7443, 96, 165, 133, 62, 117, 154, 161]"
162,17,"[260, 141, 270, 287, 134, 133, 280, 145, 252, 138, 147, 295, 225, 115, 229, 180, 202]"
163,16,"[207, 161, 182, 173, 251, 192, 227, 132, 101, 235, 206, 151, 138, 241, 133, 211]"
164,5,"[94, 6921, 114, 122, 96]"
165,11,"[143, 158, 295, 295, 197, 174, 186, 177, 241, 232, 293]"
166,8,"[176, 51, 7941, 116, 120, 141, 187, 64]"
167,18,"[116, 149, 174, 99, 165, 178, 103, 170, 135, 105, 8396, 62, 196, 172, 87, 63, 142, 134]"
168,9,"[122, 183, 283, 259, 253, 211, 171, 192, 229]"
169,7,"[298, 296, 102, 278, 289, 273, 268]"
170,16,"[58, 64, 194, 104, 110, 90, 8294, 176, 199, 189, 90, 186, 172, 157, 180, 176]"
171,20,"[246, 277, 289, 183, 122, 264, 208, 227, 204, 242, 198, 243, 263, 134, 202, 112, 127, 265, 209, 247]"
172,11,"[276, 202, 206, 166, 102, 141, 106, 175, 120, 246, 135]"
173,8,"[249, 168, 224, 244, 280, 130, 294, 178]"
174,19,"[63, 122, 58, 70, 189, 84, 164, 119, 79, 7988, 60, 113, 128, 182, 50, 193, 167, 125, 112]"
175,11,"[55, 64, 197, 67, 159, 7069, 71, 181, 136, 195, 169]"
176,20,"[117, 223, 153, 246, 163, 198, 197, 172, 239, 200, 193, 117, 135, 280, 244, 225, 251, 159, 195, 235]"
177,6,"[88, 5994, 138, 134, 156, 196]"
178,7,"[241, 140, 245, 267, 207, 201, 136]"
179,8,"[267, 142, 200, 250, 137, 190, 279, 246]"
180,19,"[242, 258, 138, 218, 102, 203, 175, 218, 153, 275, 155, 181, 186, 207, 143, 170, 212, 177, 108]"
181,10,"[134, 248, 267, 107, 195, 189, 119, 293, 155, 104]"
182,11,"[8431, 125, 75, 105, 106, 109, 146, 54, 179, 131, 67]"
183,12,"[203, 154, 244, 137, 206, 104, 152, 259, 163, 231, 233, 144]"
184,14,"[8237, 158, 57, 168, 97, 126, 165, 137, 115, 68, 140, 156, 189, 50]"
185,11,"[162, 153, 137, 142, 5233, 67, 122, 196, 71, 69, 66]"
186,16,"[57, 71, 121, 165, 189, 9580, 52, 69, 185, 200, 200, 163, 172, 135, 162, 160]"
187,12,"[228, 192, 277, 163, 143, 269, 290, 156, 247, 123, 271, 117]"
188,20,"[265, 227, 168, 126, 130, 271, 209, 289, 213, 258, 184, 216, 250, 152, 252, 112, 206, 290, 198, 208]"
189,6,"[149, 114, 182, 194, 166, 290]"
190,16,"[174, 171, 141, 241, 296, 210, 266, 186, 225, 112, 298, 215, 185, 166, 140, 275]"
191,16,"[123, 105, 115, 150, 80, 94, 65, 81, 181, 177, 5286, 152, 154, 90, 132, 173]"
192,19,"[248, 140, 146, 118, 162, 195, 167, 116, 204, 115, 190, 128, 246, 260, 225, 103, 192, 272, 298]"
193,13,"[120, 235, 154, 133, 111, 262, 296, 179, 286, 137, 228, 174, 118]"
194,20,"[188, 199, 123, 211, 226, 146, 109, 179, 126, 224, 118, 272, 254, 105, 124, 188, 104, 197, 251, 253]"
195,15,"[122, 267, 193, 143, 281, 209, 267, 164, 167, 228, 108, 200, 108, 173, 146]"
196,17,"[106, 122, 197, 225, 298, 262, 293, 112, 169, 250, 128, 299, 298, 136, 223, 211, 235]"
197,20,"[178, 189, 55, 77, 98, 164, 90, 68, 156, 109, 153, 165, 69, 120, 116, 124, 90, 9333, 141, 153]"
198,19,"[133, 294, 289, 267, 266, 178, 157, 184, 299, 218, 198, 214, 137, 253, 245, 271, 279, 221, 159]"
199,12,"[54, 121, 8334, 141, 107, 141, 181, 125, 72, 53, 99, 112]"
200,8,"[203, 198, 200, 140, 159, 111, 247, 129]"
201,14,"[193, 276, 265, 154, 167, 200, 124, 126, 216, 220, 121, 116, 232, 224]"
202,7,"[208, 145, 263, 281, 240, 269, 106]"
203,7,"[299, 271, 196, 102, 242, 197, 134]"
204,12,"[148, 163, 80, 6265, 137, 68, 193, 51, 191, 166, 109, 95]"
205,7,"[160, 246, 259, 203, 106, 112, 278]"
206,11,"[152, 203, 234, 221, 272, 183, 198, 116, 147, 196, 177]"
207,16,"[257, 223, 207, 139, 280, 281, 176, 126, 101, 285, 196, 151, 201, 227, 164, 109]"
208,10,"[205, 223, 119, 124, 214, 179, 124, 254, 135, 153]"
209,6,"[209, 122, 111, 198, 254, 251]"
210,17,"[152, 159, 200, 174, 77, 96, 162, 94, 199, 85, 96, 125, 118, 6734, 78, 170, 111]"
211,14,"[193, 195, 153, 120, 166, 112, 230, 297, 184, 195, 101, 276, 169, 188]"
212,5,"[160, 193, 249, 295, 113]"
213,5,"[221, 157, 131, 132, 117]"
214,7,"[163, 69, 65, 6545, 86, 118, 126]"
215,18,"[176, 204, 271, 180, 125, 266, 264, 199, 244, 262, 207, 272, 100, 170, 242, 140, 217, 252]"
216,7,"[260, 276, 228, 182, 286, 256, 247]"
217,16,"[93, 165, 156, 55, 108, 88, 104, 90, 186, 9614, 95, 74, 111, 167, 137, 142]"
218,17,"[249, 211, 178, 267, 121, 242, 255, 190, 190, 267, 129, 276, 189, 139, 123, 228, 128]"
219,5,"[128, 299, 151, 190, 194]"
220,8,"[281, 143, 209, 180, 219, 148, 104, 186]"
221,12,"[144, 172, 73, 72, 125, 142, 82, 133, 106, 116, 7372, 131]"
222,18,"[74, 168, 81, 115, 179, 73, 147, 105, 93, 101, 148, 56, 120, 145, 70, 64, 7687, 98]"
223,15,"[153, 192, 233, 249, 262, 274, 182, 199, 188, 174, 113, 250, 200, 119, 147]"
224,8,"[287, 154, 267, 123, 263, 143, 154, 240]"
225,5,"[240, 280, 135, 121, 263]"
226,14,"[72, 70, 119, 9757, 119, 117, 67, 118, 160, 69, 112, 76, 152, 169]"
227,14,"[222, 111, 109, 214, 142, 143, 129, 122, 169, 117, 132, 283, 186, 176]"
228,20,"[273, 294, 212, 184, 120, 134, 172, 202, 172, 185, 297, 198, 103, 198, 105, 277, 199, 242, 212, 300]"
229,18,"[109, 66, 79, 198, 60, 134, 195, 60, 102, 126, 66, 64, 7426, 183, 186, 184, 52, 181]"
230,6,"[273, 187, 278, 135, 250, 191]"
231,12,"[183, 157, 169, 167, 149, 144, 232, 173, 248, 221, 105, 164]"
232,6,"[8252, 167, 71, 88, 147, 76]"
233,8,"[219, 273, 204, 198, 206, 151, 212, 240]"
234,16,"[261, 237, 247, 152, 130, 228, 120, 286, 279, 245, 161, 197, 176, 233, 200, 225]"
235,8,"[183, 59, 82, 82, 105, 8064, 165, 173]"
236,11,"[146, 131, 268, 233, 148, 153, 209, 152, 140, 187, 293]"
237,20,"[158, 291, 153, 159, 292, 136, 115, 111, 103, 140, 205, 138, 249, 155, 238, 111, 105, 109, 131, 256]"
238,14,"[286, 217, 203, 248, 246, 222, 249, 224, 226, 261, 175, 170, 187, 148]"
239,12,"[287, 125, 145, 141, 197, 204, 135, 170, 261, 134, 249, 292]"
240,20,"[213, 257, 138, 197, 297, 233, 251, 153, 168, 269, 222, 210, 244, 163, 171, 153, 136, 191, 149, 201]"
241,19,"[175, 59, 197, 8698, 125, 98, 194, 103, 169, 136, 129, 137, 150, 63, 163, 135, 58, 99, 176]"
242,8,"[158, 261, 128, 247, 292, 247, 275, 272]"
243,12,"[281, 292, 101, 126, 119, 185, 186, 254, 236, 164, 289, 107]"
244,9,"[265, 255, 290, 300, 178, 297, 208, 216, 228]"
245,9,"[103, 113, 247, 286, 106, 166, 174, 158, 106]"
246,16,"[79, 160, 130, 142, 196, 185, 99, 115, 102, 123, 117, 176, 5036, 200, 96, 187]"
247,18,"[121, 176, 178, 59, 108, 141, 65, 50, 94, 196, 109, 6356, 162, 107, 90, 106, 58, 142]"
248,16,"[81, 153, 97, 82, 9376, 115, 80, 51, 100, 69, 59, 138, 141, 132, 72, 111]"
249,20,"[231, 105, 167, 268, 234, 258, 199, 170, 109, 190, 273, 159, 163, 159, 262, 209, 226, 200, 263, 225]"
250,13,"[264, 195, 125, 161, 104, 247, 235, 198, 113, 164, 157, 240, 290]"
251,8,"[108, 116, 113, 122, 101, 193, 165, 204]"
252,16,"[169, 70, 195, 86, 190, 169, 133, 142, 140, 9427, 140, 116, 81, 64, 124, 130]"
253,5,"[262, 268, 105, 289, 189]"
254,8,"[136, 186, 221, 269, 127, 286, 220, 166]"
255,17,"[240, 291, 163, 179, 161, 184, 143, 299, 270, 198, 217, 178, 247, 271, 163, 143, 283]"
256,14,"[291, 172, 143, 214, 133, 145, 292, 162, 220, 276, 283, 181, 293, 119]"
257,10,"[138, 258, 253, 196, 147, 199, 114, 203, 102, 266]"
258,12,"[267, 111, 155, 297, 230, 155, 133, 194, 101, 109, 219, 221]"
259,14,"[168, 150, 200, 219, 203, 139, 251, 138, 132, 285, 259, 166, 190, 126]"
260,9,"[126, 219, 271, 118, 244, 159, 244, 103, 253]"
261,7,"[206, 229, 106, 280, 138, 219, 296]"
262,6,"[258, 259, 267, 112, 193, 249]"
263,10,"[182, 201, 134, 284, 209, 277, 103, 185, 113, 158]"
264,12,"[165, 279, 255, 111, 140, 151, 214, 116, 248, 144, 177, 182]"
265,11,"[297, 206, 286, 135, 172, 271, 263, 137, 133, 265, 262]"
266,18,"[130, 224, 133, 146, 250, 102, 146, 201, 208, 297, 224, 246, 173, 256, 115, 178, 171, 165]"
267,15,"[185, 183, 110, 216, 159, 117, 290, 175, 135, 156, 270, 134, 162, 237, 281]"
268,18,"[118, 119, 251, 143, 176, 224, 136, 140, 128, 285, 275, 191, 277, 162, 287, 190, 277, 136]"
269,5,"[159, 183, 221, 163, 188]"
270,20,"[164, 273, 263, 248, 253, 138, 111, 111, 269, 188, 271, 290, 199, 285, 222, 260, 233, 245, 255, 129]"
271,9,"[226, 286, 271, 144, 140, 180, 125, 202, 194]"
272,7,"[239, 273, 196, 238, 168, 241, 173]"
273,12,"[65, 56, 9883, 199, 107, 192, 59, 174, 127, 170, 57, 108]"
274,10,"[290, 111, 289, 168, 181, 240, 269, 247, 115, 256]"
275,13,"[239, 299, 295, 104, 147, 272, 164, 165, 254, 146, 149, 298, 263]"
276,10,"[274, 121, 146, 173, 193, 265, 190, 229, 131, 131]"
277,17,"[227, 300, 154, 258, 292, 171, 236, 144, 143, 268, 219, 260, 229, 119, 212, 276, 267]"
278,8,"[148, 192, 196, 156, 141, 272, 238, 287]"
279,19,"[269, 123, 262, 225, 185, 146, 179, 208, 119, 119, 218, 121, 129, 118, 275, 238, 210, 100, 150]"
280,17,"[102, 143, 198, 69, 108, 130, 97, 116, 163, 170, 135, 158, 158, 164, 92, 6070, 62]"
281,14,"[295, 263, 168, 225, 280, 273, 172, 136, 138, 144, 115, 168, 267, 259]"
282,17,"[104, 209, 258, 140, 188, 128, 174, 153, 247, 226, 267, 127, 197, 145, 167, 163, 247]"
283,12,"[211, 282, 163, 180, 146, 131, 255, 117, 222, 176, 255, 251]"
284,8,"[285, 277, 266, 173, 254, 261, 189, 183]"
285,8,"[111, 144, 161, 105, 200, 193, 181, 272]"
286,17,"[150, 147, 93, 115, 129, 138, 52, 151, 184, 9620, 108, 91, 75, 76, 97, 159, 175]"
287,18,"[222, 101, 225, 163, 269, 172, 116, 100, 115, 251, 238, 150, 171, 153, 116, 225, 139, 285]"
288,14,"[5814, 152, 169, 174, 195, 58, 192, 153, 127, 170, 118, 142, 75, 149]"
289,7,"[186, 233, 207, 219, 233, 215, 291]"
290,9,"[140, 153, 91, 151, 179, 64, 7934, 50, 172]"
291,20,"[172, 8027, 173, 170, 85, 172, 115, 116, 99, 78, 84, 91, 115, 94, 186, 137, 197, 156, 82, 121]"
292,10,"[163, 7810, 75, 199, 174, 96, 170, 130, 92, 193]"
293,7,"[124, 195, 296, 100, 127, 219, 246]"
294,20,"[285, 297, 124, 236, 124, 107, 145, 284, 120, 264, 172, 283, 105, 227, 228, 235, 171, 291, 108, 268]"
295,15,"[5739, 70, 103, 60, 198, 176, 183, 78, 198, 146, 165, 120, 92, 147, 102]"
296,11,"[234, 155, 241, 248, 182, 212, 128, 262, 246, 237, 108]"
297,9,"[165, 7721, 121, 163, 164, 85, 125, 81, 130]"
298,5,"[289, 197, 207, 230, 114]"
299,16,"[260, 240, 261, 266, 147, 254, 159, 296, 227, 216, 149, 209, 281, 135, 116, 146]"
300,20,"[142, 152, 151, 94, 123, 91, 8085, 54, 131, 160, 162, 183, 65, 142, 80, 144, 155, 138, 145, 87]"
301,5,"[295, 294, 267, 264, 285]"
302,9,"[163, 125, 204, 156, 284, 288, 279, 251, 133]"
303,15,"[171, 214, 144, 107, 145, 291, 176, 176, 296, 277, 281, 252, 224, 123, 106]"
304,17,"[191, 121, 143, 135, 227, 134, 123, 132, 285, 182, 110, 248, 270, 170, 255, 142, 181]"
305,7,"[203, 228, 256, 292, 202, 160, 117]"
306,5,"[230, 236, 197, 125, 227]"
307,7,"[177, 230, 133, 249, 270, 295, 204]"
308,19,"[104, 256, 280, 243, 294, 202, 153, 247, 157, 278, 170, 124, 192, 262, 155, 103, 177, 101, 195]"
309,9,"[181, 266, 228, 259, 232, 300, 111, 107, 207]"
310,18,"[294, 142, 135, 289, 181, 271, 183, 184, 169, 268, 180, 231, 223, 117, 173, 265, 204, 164]"
311,6,"[205, 133, 150, 253, 191, 103]"
312,14,"[265, 132, 219, 192, 282, 192, 168, 228, 197, 127, 190, 293, 183, 259]"
313,18,"[192, 188, 220, 170, 181, 269, 185, 238, 133, 127, 147, 119, 258, 117, 287, 191, 106, 283]"
314,19,"[69, 70, 67, 199, 8090, 81, 79, 149, 118, 164, 167, 92, 104, 104, 195, 67, 99, 189, 58]"
315,20,"[225, 158, 266, 197, 166, 185, 235, 117, 182, 197, 239, 123, 274, 231, 242, 154, 202, 287, 262, 233]"
316,7,"[229, 225, 240, 178, 142, 270, 268]"
317,15,"[162, 152, 252, 127, 180, 280, 149, 164, 135, 212, 228, 269, 241, 142, 242]"
318,19,"[104, 179, 103, 198, 230, 233, 138, 272, 300, 207, 285, 214, 165, 277, 290, 277, 102, 276, 173]"
319,12,"[154, 191, 120, 109, 77, 78, 7871, 134, 97, 185, 169, 151]"
320,5,"[199, 163, 235, 265, 259]"
321,12,"[268, 177, 202, 294, 187, 260, 219, 248, 244, 190, 108, 219]"
322,17,"[190, 295, 152, 115, 286, 221, 272, 135, 172, 256, 155, 162, 281, 222, 128, 200, 121]"
323,10,"[282, 240, 107, 169, 291, 294, 148, 252, 122, 184]"
324,18,"[226, 117, 126, 294, 221, 148, 192, 274, 276, 188, 231, 136, 162, 145, 123, 192, 158, 291]"
325,9,"[228, 272, 195, 240, 217, 290, 127, 211, 229]"
326,18,"[196, 238, 178, 194, 151, 146, 162, 260, 193, 165, 230, 273, 253, 124, 117, 215, 280, 285]"
327,7,"[182, 268, 216, 187, 173, 183, 293]"
328,8,"[215, 131, 218, 107, 246, 169, 182, 148]"
329,16,"[192, 57, 62, 58, 62, 199, 162, 167, 54, 182, 119, 7133, 190, 197, 134, 120]"
330,12,"[141, 189, 200, 280, 182, 147, 170, 209, 194, 180, 215, 215]"
331,5,"[66, 51, 127, 7191, 105]"
332,13,"[189, 161, 144, 178, 89, 5732, 184, 80, 159, 55, 138, 145, 141]"
333,14,"[90, 99, 73, 100, 134, 107, 142, 133, 54, 194, 85, 152, 5565, 96]"
334,8,"[292, 189, 287, 142, 104, 138, 283, 265]"
335,18,"[296, 247, 115, 297, 180, 245, 178, 117, 237, 287, 289, 265, 160, 132, 260, 171, 273, 122]"
336,17,"[125, 103, 177, 123, 70, 184, 80, 164, 134, 151, 142, 93, 140, 95, 5419, 159, 140]"
337,18,"[126, 112, 216, 218, 259, 239, 100, 129, 153, 242, 129, 139, 142, 292, 218, 195, 174, 238]"
338,5,"[155, 236, 118, 246, 111]"
339,10,"[116, 269, 226, 114, 130, 282, 140, 170, 115, 165]"
340,5,"[298, 222, 144, 137, 201]"
341,12,"[252, 132, 132, 292, 249, 219, 113, 255, 287, 185, 204, 154]"
342,8,"[210, 181, 200, 231, 137, 143, 170, 131]"
343,17,"[278, 111, 244, 188, 135, 252, 187, 222, 254, 231, 169, 219, 249, 283, 121, 101, 297]"
344,11,"[272, 153, 275, 260, 274, 107, 182, 100, 263, 230, 144]"
345,18,"[126, 105, 86, 91, 72, 68, 73, 84, 110, 127, 175, 59, 188, 133, 9927, 127, 189, 137]"
346,11,"[173, 182, 124, 278, 253, 131, 217, 227, 271, 257, 243]"
347,7,"[222, 127, 157, 207, 118, 251, 194]"
348,13,"[281, 151, 170, 206, 134, 208, 120, 264, 241, 103, 295, 216, 232]"
349,14,"[108, 278, 218, 251, 285, 280, 289, 170, 100, 110, 170, 157, 269, 135]"
350,15,"[127, 263, 247, 187, 276, 192, 190, 198, 121, 196, 219, 297, 217, 117, 220]"
351,14,"[265, 163, 134, 118, 204, 287, 239, 142, 130, 293, 292, 123, 223, 298]"
352,10,"[226, 225, 270, 136, 257, 212, 145, 112, 272, 126]"
353,12,"[171, 6949, 71, 197, 126, 69, 76, 198, 111, 119, 161, 117]"
354,8,"[56, 93, 7768, 154, 121, 109, 121, 135]"
355,8,"[173, 114, 228, 261, 280, 261, 243, 242]"
356,20,"[168, 277, 162, 220, 281, 122, 168, 281, 225, 177, 209, 300, 236, 253, 185, 180, 267, 169, 281, 150]"
357,9,"[209, 187, 176, 213, 272, 229, 255, 198, 286]"
358,10,"[121, 7535, 62, 61, 117, 85, 58, 136, 105, 166]"
359,6,"[6927, 96, 117, 151, 134, 125]"
360,10,"[178, 68, 88, 93, 59, 5524, 53, 55, 135, 82]"
361,15,"[212, 253, 232, 133, 102, 265, 273, 231, 156, 196, 181, 200, 198, 170, 158]"
362,5,"[215, 293, 159, 180, 195]"
363,17,"[121, 98, 7784, 199, 57, 71, 135, 99, 117, 71, 96, 81, 171, 107, 139, 112, 162]"
364,5,"[9436, 74, 51, 195, 163]"
365,18,"[249, 236, 229, 270, 257, 267, 272, 175, 176, 180, 115, 155, 266, 202, 285, 189, 123, 297]"
366,6,"[90, 187, 94, 51, 199, 7461]"
367,5,"[261, 259, 138, 160, 210]"
368,19,"[122, 189, 184, 140, 148, 120, 153, 194, 219, 191, 158, 291, 236, 222, 190, 229, 119, 143, 108]"
369,11,"[289, 242, 132, 192, 294, 290, 159, 221, 107, 213, 260]"
370,16,"[172, 8876, 83, 51, 116, 163, 134, 50, 117, 124, 180, 66, 52, 72, 182, 131]"
371,20,"[148, 204, 242, 126, 215, 230, 128, 128, 163, 119, 185, 248, 115, 163, 296, 120, 105, 263, 291, 208]"
372,15,"[109, 144, 102, 133, 227, 121, 283, 300, 277, 153, 105, 151, 287, 202, 204]"
373,9,"[115, 217, 196, 170, 116, 177, 212, 122, 147]"
374,14,"[215, 169, 232, 266, 193, 238, 183, 268, 145, 140, 209, 220, 210, 196]"
375,7,"[175, 253, 222, 227, 221, 271, 199]"
376,20,"[262, 203, 216, 281, 199, 215, 265, 272, 106, 281, 167, 146, 190, 170, 288, 114, 283, 266, 202, 235]"
377,5,"[124, 237, 250, 298, 257]"
378,14,"[254, 118, 103, 260, 202, 156, 198, 147, 177, 266, 145, 116, 193, 222]"
379,13,"[110, 153, 293, 202, 237, 276, 264, 149, 276, 245, 234, 150, 263]"
380,8,"[216, 240, 249, 135, 271, 138, 196, 179]"
381,20,"[121, 167, 160, 179, 79, 64, 69, 60, 193, 197, 92, 163, 76, 121, 7120, 124, 167, 75, 195, 180]"
382,6,"[166, 204, 173, 281, 162, 120]"
383,8,"[165, 109, 266, 157, 199, 229, 236, 223]"
384,16,"[235, 173, 168, 132, 235, 116, 113, 270, 137, 259, 183, 135, 273, 259, 140, 135]"
385,20,"[203, 180, 184, 246, 178, 177, 247, 267, 298, 179, 227, 163, 196, 125, 124, 236, 200, 296, 263, 254]"
386,8,"[112, 51, 181, 6947, 143, 141, 157, 89]"
387,6,"[164, 101, 200, 156, 133, 222]"
388,15,"[185, 156, 167, 143, 136, 118, 120, 200, 6961, 190, 95, 106, 80, 138, 144]"
389,7,"[180, 230, 101, 218, 138, 247, 122]"
390,11,"[243, 168, 182, 269, 119, 292, 232, 128, 298, 290, 118]"
391,8,"[297, 200, 288, 240, 122, 172, 249, 164]"
392,16,"[243, 135, 205, 143, 148, 173, 175, 184, 151, 148, 236, 235, 183, 179, 220, 118]"
393,15,"[206, 215, 130, 176, 259, 183, 239, 274, 182, 110, 246, 201, 114, 263, 214]"
394,19,"[89, 197, 158, 55, 187, 159, 187, 140, 184, 197, 169, 152, 118, 7080, 51, 148, 115, 65, 198]"
395,19,"[124, 248, 183, 101, 300, 200, 204, 289, 289, 133, 268, 222, 293, 228, 188, 200, 272, 141, 258]"
396,20,"[122, 86, 86, 66, 123, 65, 135, 142, 61, 8880, 71, 66, 89, 113, 92, 177, 175, 169, 143, 63]"
397,13,"[151, 79, 86, 74, 192, 158, 6949, 119, 59, 74, 119, 190, 76]"
398,8,"[144, 293, 266, 275, 300, 276, 276, 222]"
399,20,"[179, 104, 256, 122, 165, 220, 250, 296, 201, 192, 117, 283, 181, 215, 163, 229, 178, 249, 160, 183]"
400,16,"[7482, 148, 120, 152, 162, 89, 186, 72, 176, 84, 50, 138, 99, 68, 102, 51]"
401,15,"[100, 131, 8797, 114, 194, 190, 197, 108, 98, 83, 154, 58, 130, 135, 200]"
402,16,"[116, 123, 8570, 140, 140, 154, 176, 177, 142, 59, 148, 132, 116, 59, 163, 73]"
403,15,"[149, 236, 237, 157, 211, 277, 158, 282, 186, 257, 174, 157, 149, 274, 155]"
404,10,"[260, 221, 232, 167, 145, 238, 186, 209, 132, 259]"
405,8,"[236, 137, 221, 123, 206, 269, 251, 203]"
406,15,"[232, 187, 178, 224, 159, 240, 292, 197, 231, 128, 165, 165, 297, 129, 146]"
407,10,"[296, 143, 157, 168, 295, 107, 239, 255, 117, 296]"
408,8,"[149, 148, 104, 76, 119, 164, 8235, 56]"
409,7,"[282, 282, 158, 104, 223, 206, 262]"
410,20,"[266, 146, 237, 167, 205, 114, 228, 148, 275, 215, 221, 142, 288, 188, 162, 228, 295, 199, 146, 247]"
411,12,"[9334, 63, 96, 122, 91, 97, 167, 96, 72, 60, 139, 75]"
412,16,"[161, 75, 175, 101, 146, 103, 141, 89, 6764, 114, 82, 195, 190, 60, 163, 109]"
413,5,"[264, 186, 300, 295, 201]"
414,5,"[8135, 78, 178, 170, 114]"
415,15,"[115, 190, 54, 106, 58, 194, 69, 165, 51, 151, 125, 106, 103, 9503, 190]"
416,16,"[172, 100, 241, 280, 265, 244, 288, 243, 277, 253, 130, 244, 115, 146, 245, 140]"
417,8,"[98, 186, 104, 62, 127, 6426, 190, 139]"
418,12,"[170, 69, 72, 131, 153, 80, 125, 72, 98, 68, 163, 5912]"
419,16,"[56, 95, 102, 109, 72, 120, 184, 144, 6114, 170, 177, 195, 91, 108, 197, 138]"
420,11,"[75, 179, 9397, 166, 148, 105, 69, 154, 175, 84, 193]"
421,11,"[57, 144, 165, 148, 185, 192, 196, 9946, 143, 176, 117]"
422,5,"[276, 121, 228, 281, 254]"
423,15,"[216, 248, 127, 211, 215, 176, 228, 290, 198, 221, 176, 278, 150, 104, 176]"
424,13,"[252, 101, 211, 247, 117, 278, 157, 205, 135, 173, 210, 132, 150]"
425,9,"[239, 227, 289, 153, 128, 119, 201, 134, 138]"
426,15,"[152, 6975, 50, 105, 153, 132, 132, 62, 178, 109, 127, 125, 126, 160, 145]"
427,17,"[241, 230, 116, 254, 226, 264, 145, 151, 118, 240, 204, 203, 211, 218, 190, 167, 279]"
428,7,"[219, 139, 276, 263, 181, 205, 242]"
429,19,"[244, 136, 207, 255, 284, 294, 266, 212, 232, 295, 146, 139, 296, 273, 213, 122, 204, 166, 154]"
430,19,"[161, 6618, 112, 140, 52, 106, 66, 138, 83, 185, 145, 193, 92, 94, 111, 177, 195, 58, 137]"
431,8,"[242, 185, 228, 184, 250, 257, 114, 212]"
432,11,"[144, 205, 177, 229, 229, 266, 285, 175, 179, 176, 299]"
433,10,"[156, 250, 146, 256, 137, 194, 294, 278, 255, 114]"
434,11,"[122, 95, 66, 131, 193, 168, 51, 170, 9294, 198, 180]"
435,12,"[130, 289, 235, 286, 174, 142, 146, 190, 134, 282, 207, 148]"
436,20,"[72, 98, 186, 145, 170, 133, 142, 129, 98, 129, 127, 170, 80, 96, 115, 77, 110, 117, 5524, 67]"
437,19,"[267, 129, 221, 195, 188, 139, 143, 150, 100, 287, 290, 249, 273, 178, 294, 270, 113, 286, 267]"
438,5,"[68, 117, 63, 5094, 133]"
439,14,"[267, 280, 102, 179, 121, 137, 229, 187, 149, 183, 279, 121, 269, 176]"
440,15,"[77, 198, 127, 164, 148, 60, 183, 170, 8321, 147, 140, 94, 154, 129, 126]"
441,16,"[176, 124, 131, 95, 118, 194, 148, 77, 60, 53, 142, 79, 157, 61, 178, 5144]"
442,6,"[168, 219, 107, 263, 135, 274]"
443,10,"[224, 187, 243, 257, 123, 272, 288, 256, 179, 267]"
444,15,"[287, 126, 203, 236, 153, 295, 216, 219, 179, 114, 212, 229, 272, 300, 296]"
445,18,"[266, 187, 137, 189, 100, 279, 262, 109, 233, 128, 243, 197, 251, 263, 144, 179, 244, 256]"
446,7,"[68, 156, 6937, 78, 151, 166, 137]"
447,20,"[251, 170, 117, 219, 213, 112, 296, 185, 145, 207, 172, 140, 224, 300, 152, 114, 131, 159, 131, 193]"
448,15,"[237, 106, 189, 173, 155, 249, 194, 222, 125, 203, 299, 120, 262, 129, 136]"
449,11,"[91, 75, 123, 53, 153, 76, 119, 8420, 72, 61, 78]"
450,12,"[166, 165, 159, 284, 232, 285, 270, 113, 262, 206, 264, 129]"
451,18,"[156, 93, 111, 89, 178, 89, 163, 63, 95, 177, 54, 71, 165, 139, 93, 107, 166, 6714]"
452,8,"[153, 245, 267, 106, 248, 280, 207, 220]"
453,19,"[124, 99, 164, 167, 190, 147, 64, 147, 58, 64, 152, 8035, 98, 52, 79, 71, 195, 168, 96]"
454,15,"[108, 120, 186, 94, 133, 7542, 181, 86, 151, 163, 111, 157, 50, 128, 178]"
455,6,"[95, 189, 188, 157, 8430, 172]"
456,20,"[69, 106, 79, 164, 108, 95, 97, 88, 59, 9137, 52, 85, 72, 93, 66, 128, 138, 81, 187, 111]"
457,5,"[163, 92, 99, 6227, 62]"
458,11,"[50, 198, 57, 109, 154, 151, 65, 120, 85, 6927, 139]"
459,16,"[141, 50, 174, 200, 147, 165, 188, 128, 98, 85, 193, 176, 90, 58, 63, 5484]"
460,6,"[129, 219, 147, 264, 207, 240]"
461,16,"[186, 200, 138, 161, 6585, 82, 150, 130, 55, 176, 172, 59, 57, 91, 118, 116]"
462,10,"[168, 106, 170, 298, 156, 122, 201, 263, 221, 266]"
463,6,"[290, 278, 269, 278, 174, 140]"
464,16,"[184, 265, 115, 223, 204, 164, 249, 295, 220, 163, 161, 194, 171, 115, 168, 264]"
465,20,"[234, 176, 206, 227, 203, 264, 282, 105, 169, 167, 188, 105, 133, 160, 181, 140, 258, 244, 199, 107]"
466,15,"[197, 150, 232, 297, 130, 222, 291, 123, 286, 186, 101, 285, 268, 103, 118]"
467,12,"[138, 280, 161, 236, 296, 210, 113, 123, 197, 209, 244, 229]"
468,19,"[57, 56, 137, 189, 83, 170, 194, 79, 113, 95, 122, 82, 69, 9122, 109, 104, 150, 119, 126]"
469,9,"[211, 189, 281, 217, 263, 103, 279, 117, 142]"
470,20,"[140, 123, 104, 152, 75, 165, 151, 5942, 120, 127, 54, 107, 178, 163, 115, 160, 188, 101, 112, 96]"
471,19,"[141, 297, 173, 231, 129, 160, 298, 107, 136, 109, 133, 191, 196, 107, 297, 215, 273, 286, 142]"
472,7,"[128, 6815, 154, 88, 114, 68, 150]"
473,19,"[191, 72, 122, 153, 59, 132, 74, 79, 79, 167, 147, 131, 173, 180, 6224, 160, 115, 165, 148]"
474,6,"[300, 214, 221, 121, 151, 111]"
475,11,"[133, 185, 295, 270, 266, 179, 252, 163, 212, 194, 258]"
476,17,"[92, 75, 50, 128, 129, 6718, 108, 61, 195, 54, 84, 121, 174, 70, 149, 111, 187]"
477,9,"[265, 148, 247, 244, 187, 132, 268, 168, 133]"
478,18,"[77, 181, 92, 159, 144, 182, 91, 73, 170, 99, 176, 190, 127, 114, 63, 5689, 194, 187]"
479,17,"[209, 226, 297, 112, 108, 250, 166, 274, 152, 152, 296, 212, 218, 205, 262, 219, 241]"
480,11,"[282, 116, 156, 253, 277, 193, 145, 168, 201, 222, 294]"
481,7,"[112, 114, 172, 59, 142, 8222, 189]"
482,9,"[98, 160, 116, 61, 156, 8535, 160, 184, 161]"
483,11,"[228, 198, 124, 115, 213, 267, 281, 186, 129, 195, 157]"
484,17,"[279, 150, 113, 163, 295, 158, 207, 255, 234, 103, 144, 206, 169, 144, 188, 215, 289]"
485,6,"[168, 124, 148, 280, 110, 194]"
486,20,"[176, 262, 248, 194, 145, 272, 276, 252, 292, 107, 300, 297, 130, 132, 112, 215, 262, 107, 274, 201]"
487,5,"[102, 120, 193, 258, 193]"
488,8,"[193, 280, 125, 256, 227, 174, 219, 265]"
489,11,"[134, 145, 266, 259, 148, 110, 175, 297, 108, 295, 290]"
490,18,"[189, 294, 159, 138, 129, 115, 222, 140, 299, 236, 126, 116, 132, 274, 296, 292, 207, 231]"
491,17,"[50, 8914, 84, 106, 164, 158, 171, 143, 74, 101, 132, 99, 144, 199, 71, 96, 96]"
492,18,"[185, 141, 102, 211, 137, 191, 163, 258, 125, 296, 202, 228, 218, 118, 115, 166, 125, 262]"
493,13,"[185, 268, 266, 272, 270, 273, 195, 108, 181, 243, 283, 217, 248]"
494,16,"[275, 194, 235, 272, 120, 284, 149, 103, 149, 294, 221, 147, 135, 189, 247, 262]"
495,18,"[197, 279, 286, 203, 212, 290, 212, 219, 113, 199, 115, 176, 237, 213, 158, 168, 256, 252]"
496,6,"[168, 57, 200, 60, 186, 6497]"
497,11,"[129, 132, 68, 122, 6886, 87, 109, 195, 166, 101, 192]"
498,7,"[122, 253, 282, 225, 150, 298, 131]"
499,17,"[77, 53, 99, 53, 53, 171, 86, 132, 125, 182, 9979, 182, 171, 178, 132, 107, 127]"
500,19,"[122, 212, 135, 281, 269, 117, 225, 180, 191, 133, 112, 130, 160, 101, 146, 221, 159, 266, 146]"
501,16,"[299, 121, 273, 188, 259, 230, 217, 259, 115, 134, 244, 172, 283, 213, 225, 136]"
502,18,"[94, 192, 51, 140, 104, 77, 70, 148, 98, 132, 67, 5824, 58, 119, 158, 175, 188, 169]"
503,9,"[196, 76, 187, 175, 108, 111, 7304, 75, 183]"
504,20,"[126, 271, 212, 299, 274, 137, 206, 145, 138, 186, 276, 251, 107, 202, 206, 107, 239, 163, 125, 300]"
505,11,"[81, 124, 9309, 83, 125, 166, 70, 128, 65, 52, 175]"
506,20,"[157, 300, 296, 141, 139, 134, 214, 213, 201, 133, 191, 198, 267, 108, 296, 144, 161, 135, 195, 249]"
507,8,"[70, 54, 174, 117, 164, 151, 170, 8879]"
508,17,"[101, 161, 84, 191, 77, 120, 174, 50, 144, 114, 184, 191, 96, 87, 6340, 54, 197]"
509,13,"[249, 292, 254, 257, 176, 234, 157, 160, 295, 131, 296, 174, 264]"
510,16,"[172, 115, 85, 83, 101, 83, 126, 56, 172, 131, 177, 65, 99, 5999, 178, 165]"
511,8,"[233, 296, 172, 196, 215, 243, 114, 204]"
512,16,"[134, 190, 112, 253, 131, 277, 294, 131, 231, 186, 245, 136, 255, 160, 266, 156]"
513,9,"[202, 243, 135, 115, 258, 169, 227, 130, 149]"
514,6,"[245, 241, 255, 132, 253, 130]"
515,8,"[236, 254, 232, 209, 156, 105, 203, 222]"
516,5,"[182, 6088, 187, 66, 124]"
517,7,"[109, 243, 249, 211, 188, 266, 130]"
518,17,"[160, 163, 158, 246, 278, 271, 135, 277, 110, 291, 150, 224, 112, 264, 160, 240, 206]"
519,7,"[198, 144, 196, 263, 285, 245, 134]"
520,8,"[106, 115, 163, 163, 183, 129, 102, 263]"
521,14,"[196, 143, 169, 201, 142, 239, 186, 298, 101, 202, 210, 197, 203, 276]"
522,17,"[117, 7705, 52, 71, 147, 169, 81, 75, 180, 71, 93, 97, 146, 135, 194, 140, 144]"
523,5,"[236, 169, 282, 234, 177]"
524,7,"[205, 126, 119, 283, 266, 108, 178]"
525,7,"[7342, 150, 55, 129, 152, 77, 79]"
526,6,"[107, 9024, 56, 99, 177, 192]"
527,5,"[112, 6538, 56, 106, 61]"
528,12,"[56, 75, 117, 177, 76, 155, 113, 135, 103, 80, 99, 5874]"
529,14,"[230, 200, 176, 256, 111, 182, 237, 121, 251, 252, 137, 131, 235, 274]"
530,11,"[194, 9769, 82, 198, 137, 55, 192, 159, 144, 187, 61]"
531,11,"[180, 154, 174, 143, 75, 5017, 56, 83, 73, 109, 85]"
532,17,"[58, 133, 110, 99, 113, 77, 127, 153, 154, 176, 142, 136, 9428, 75, 73, 122, 141]"
533,16,"[105, 131, 240, 166, 184, 195, 268, 248, 240, 260, 219, 195, 220, 180, 207, 182]"
534,15,"[215, 294, 101, 189, 276, 136, 151, 242, 281, 199, 252, 112, 111, 235, 102]"
535,7,"[178, 131, 274, 174, 264, 260, 127]"
536,11,"[146, 270, 273, 182, 228, 207, 275, 124, 151, 205, 131]"
537,18,"[225, 101, 194, 115, 238, 131, 271, 105, 260, 146, 108, 153, 298, 232, 253, 172, 106, 110]"
538,18,"[68, 116, 163, 52, 86, 132, 6632, 130, 197, 122, 110, 55, 72, 94, 124, 106, 186, 101]"
539,16,"[206, 153, 225, 165, 273, 294, 289, 227, 263, 295, 123, 192, 237, 219, 109, 185]"
540,11,"[193, 181, 171, 62, 84, 120, 131, 168, 131, 6799, 196]"
541,15,"[154, 170, 113, 240, 290, 102, 299, 174, 267, 158, 193, 145, 155, 179, 300]"
542,18,"[68, 50, 128, 96, 174, 194, 8206, 199, 76, 112, 115, 188, 51, 69, 186, 104, 133, 187]"
543,5,"[178, 64, 93, 9926, 105]"
544,13,"[254, 137, 137, 203, 295, 239, 209, 212, 267, 272, 101, 268, 157]"
545,11,"[122, 187, 106, 105, 213, 231, 184, 220, 168, 202, 165]"
546,5,"[106, 6439, 142, 150, 133]"
547,15,"[199, 85, 107, 6382, 147, 153, 135, 137, 111, 67, 167, 82, 136, 88, 188]"
548,7,"[7553, 53, 71, 192, 100, 112, 139]"
549,16,"[112, 201, 191, 184, 201, 217, 279, 140, 160, 163, 223, 268, 233, 238, 148, 215]"
550,13,"[69, 91, 142, 158, 80, 126, 94, 94, 50, 58, 8442, 119, 198]"
551,12,"[165, 192, 108, 128, 68, 173, 178, 142, 131, 5379, 186, 58]"
552,9,"[221, 276, 217, 271, 172, 199, 237, 153, 172]"
553,20,"[240, 294, 293, 161, 296, 122, 193, 223, 185, 291, 201, 200, 209, 158, 228, 278, 170, 252, 198, 205]"
554,20,"[131, 225, 236, 280, 268, 235, 258, 208, 249, 258, 236, 101, 148, 254, 155, 145, 102, 118, 178, 258]"
555,19,"[287, 274, 109, 236, 238, 178, 294, 250, 224, 202, 194, 103, 137, 107, 139, 194, 147, 238, 146]"
556,8,"[71, 190, 52, 63, 121, 125, 8903, 179]"
557,6,"[128, 104, 156, 154, 172, 163]"
558,8,"[172, 86, 172, 59, 165, 171, 80, 7459]"
559,6,"[265, 109, 144, 195, 275, 230]"
560,16,"[127, 103, 137, 120, 231, 104, 178, 136, 243, 279, 124, 148, 127, 236, 122, 116]"
561,18,"[191, 268, 202, 178, 221, 163, 275, 294, 202, 133, 294, 217, 180, 229, 181, 262, 231, 117]"
562,15,"[143, 165, 154, 152, 231, 192, 101, 282, 295, 221, 171, 253, 155, 153, 167]"
563,14,"[112, 60, 94, 84, 83, 168, 8274, 101, 126, 153, 102, 126, 190, 103]"
564,5,"[197, 109, 123, 125, 228]"
565,9,"[159, 9578, 98, 68, 148, 69, 141, 182, 179]"
566,20,"[154, 129, 169, 111, 125, 103, 150, 190, 208, 220, 194, 250, 250, 115, 136, 222, 275, 216, 230, 264]"
567,15,"[219, 287, 183, 286, 256, 128, 181, 202, 193, 205, 155, 120, 173, 192, 148]"
568,7,"[185, 124, 144, 168, 123, 9790, 76]"
569,19,"[269, 125, 179, 261, 150, 231, 292, 267, 237, 104, 231, 186, 163, 108, 122, 127, 178, 240, 126]"
570,19,"[207, 223, 174, 230, 103, 102, 230, 300, 202, 118, 133, 138, 263, 263, 250, 114, 206, 188, 155]"
571,6,"[166, 131, 141, 122, 275, 119]"
572,16,"[244, 186, 257, 257, 154, 261, 216, 288, 130, 137, 281, 254, 270, 246, 268, 294]"
573,19,"[222, 176, 156, 248, 185, 142, 106, 144, 194, 284, 198, 128, 229, 152, 290, 118, 111, 114, 138]"
574,17,"[128, 214, 232, 297, 139, 213, 282, 242, 233, 175, 170, 200, 100, 195, 230, 129, 103]"
575,10,"[238, 230, 229, 137, 156, 289, 127, 228, 294, 247]"
576,12,"[188, 115, 278, 284, 135, 119, 286, 136, 258, 138, 128, 136]"
577,6,"[285, 107, 212, 196, 129, 290]"
578,19,"[89, 137, 61, 197, 132, 132, 115, 93, 54, 95, 6852, 136, 153, 129, 151, 141, 82, 109, 102]"
579,13,"[286, 250, 287, 210, 292, 114, 237, 175, 238, 220, 274, 144, 232]"
580,11,"[253, 287, 278, 256, 223, 217, 179, 201, 180, 184, 263]"
581,20,"[62, 129, 77, 125, 58, 186, 112, 143, 193, 170, 78, 122, 152, 8547, 84, 138, 63, 54, 123, 130]"
582,12,"[9507, 172, 80, 163, 142, 197, 122, 103, 171, 127, 68, 98]"
583,17,"[225, 156, 150, 152, 107, 109, 299, 271, 168, 221, 108, 264, 273, 184, 245, 194, 296]"
584,5,"[269, 190, 237, 134, 155]"
585,9,"[142, 273, 127, 129, 207, 164, 183, 299, 154]"
586,9,"[136, 172, 278, 195, 119, 179, 144, 188, 184]"
587,6,"[251, 243, 241, 122, 190, 201]"
588,13,"[265, 111, 208, 120, 225, 201, 170, 249, 273, 249, 251, 133, 236]"
589,6,"[96, 59, 192, 9743, 188, 177]"
590,9,"[82, 147, 166, 5513, 200, 91, 100, 99, 128]"
591,17,"[182, 103, 116, 174, 180, 100, 275, 274, 183, 271, 267, 237, 254, 174, 193, 114, 188]"
592,13,"[102, 167, 241, 162, 194, 103, 107, 150, 229, 188, 119, 120, 174]"
593,5,"[225, 159, 244, 135, 142]"
594,13,"[186, 53, 132, 8839, 101, 91, 196, 115, 175, 181, 50, 156, 194]"
595,20,"[178, 117, 58, 139, 52, 175, 132, 154, 104, 7918, 161, 174, 133, 118, 173, 195, 157, 98, 146, 134]"
596,15,"[293, 178, 153, 178, 208, 103, 174, 291, 114, 132, 121, 266, 141, 291, 167]"
597,20,"[171, 242, 103, 138, 142, 118, 285, 112, 207, 280, 118, 216, 275, 219, 276, 269, 232, 293, 126, 282]"
598,8,"[128, 181, 86, 81, 106, 90, 74, 6447]"
599,20,"[163, 201, 108, 137, 104, 184, 226, 171, 229, 160, 287, 186, 256, 216, 141, 119, 117, 232, 294, 266]"
600,19,"[193, 211, 211, 272, 225, 198, 144, 245, 146, 143, 202, 196, 297, 155, 179, 148, 220, 176, 239]"
601,9,"[150, 108, 157, 127, 145, 106, 221, 154, 211]"
602,18,"[110, 192, 239, 118, 145, 295, 279, 110, 118, 201, 180, 233, 299, 288, 288, 160, 109, 244]"
603,18,"[184, 152, 142, 189, 6662, 132, 142, 132, 154, 172, 103, 84, 60, 178, 174, 139, 53, 166]"
604,8,"[242, 192, 241, 247, 154, 294, 190, 292]"
605,17,"[269, 282, 214, 118, 194, 223, 248, 254, 201, 110, 274, 119, 278, 161, 203, 102, 237]"
606,17,"[102, 299, 102, 181, 190, 240, 180, 171, 180, 176, 217, 111, 202, 271, 195, 210, 223]"
607,6,"[95, 147, 124, 9190, 123, 160]"
608,8,"[164, 283, 202, 259, 129, 285, 175, 266]"
609,8,"[150, 231, 156, 173, 108, 173, 283, 195]"
610,8,"[68, 181, 154, 137, 141, 6862, 68, 70]"
611,5,"[81, 93, 9303, 167, 78]"
612,12,"[206, 229, 127, 215, 230, 116, 102, 213, 177, 235, 172, 253]"
613,14,"[243, 247, 279, 193, 191, 291, 169, 168, 270, 167, 199, 143, 220, 203]"
614,15,"[88, 135, 123, 97, 78, 53, 106, 5763, 137, 77, 135, 99, 62, 82, 161]"
615,13,"[81, 137, 158, 134, 98, 131, 116, 179, 92, 138, 166, 7223, 86]"
616,10,"[201, 166, 286, 258, 135, 280, 184, 290, 191, 154]"
617,13,"[271, 192, 237, 100, 261, 250, 144, 107, 202, 234, 286, 123, 107]"
618,8,"[139, 228, 231, 293, 198, 115, 284, 224]"
619,20,"[187, 107, 128, 175, 146, 131, 256, 271, 105, 282, 212, 217, 186, 268, 183, 147, 240, 268, 160, 196]"
620,11,"[157, 71, 182, 89, 64, 91, 136, 116, 7223, 158, 143]"
621,10,"[144, 97, 9338, 155, 198, 55, 77, 174, 152, 64]"
622,16,"[261, 254, 259, 105, 142, 189, 161, 192, 184, 295, 249, 237, 232, 105, 253, 212]"
623,6,"[173, 129, 261, 160, 210, 259]"
624,10,"[200, 78, 115, 126, 94, 184, 82, 124, 6667, 126]"
625,17,"[132, 276, 102, 265, 264, 120, 111, 125, 263, 136, 218, 253, 152, 272, 277, 294, 283]"
626,11,"[122, 59, 186, 107, 8109, 176, 51, 53, 141, 168, 101]"
627,9,"[240, 271, 223, 281, 140, 165, 200, 149, 123]"
628,15,"[189, 197, 184, 284, 153, 220, 258, 229, 140, 173, 136, 249, 190, 107, 106]"
629,11,"[65, 60, 192, 167, 102, 87, 189, 117, 105, 6178, 150]"
630,8,"[103, 192, 298, 272, 295, 214, 200, 137]"
631,10,"[251, 257, 252, 236, 299, 231, 212, 291, 210, 117]"
632,5,"[206, 120, 270, 190, 241]"
633,12,"[163, 235, 291, 294, 273, 247, 176, 254, 232, 251, 272, 159]"
634,19,"[274, 203, 144, 149, 224, 109, 126, 129, 154, 292, 188, 267, 226, 256, 193, 198, 101, 140, 290]"
635,14,"[156, 196, 132, 129, 139, 68, 188, 110, 8243, 63, 146, 183, 86, 52]"
636,7,"[266, 132, 248, 248, 175, 162, 228]"
637,10,"[52, 80, 154, 117, 147, 99, 184, 137, 7476, 155]"
638,18,"[64, 89, 172, 133, 113, 6388, 86, 66, 145, 164, 118, 55, 154, 86, 127, 89, 147, 124]"
639,11,"[201, 171, 128, 172, 224, 214, 220, 252, 209, 247, 195]"
640,17,"[225, 183, 162, 253, 279, 286, 261, 296, 160, 223, 197, 222, 136, 122, 125, 166, 255]"
641,15,"[130, 173, 153, 126, 121, 150, 60, 50, 104, 198, 160, 8621, 101, 150, 60]"
642,7,"[118, 69, 170, 55, 119, 169, 7645]"
643,12,"[112, 194, 276, 116, 188, 124, 123, 130, 182, 167, 147, 210]"
644,18,"[138, 221, 262, 182, 283, 283, 101, 257, 126, 280, 164, 162, 277, 152, 184, 143, 141, 264]"
645,15,"[139, 158, 118, 69, 153, 131, 181, 170, 171, 191, 88, 53, 115, 9693, 102]"
646,6,"[213, 291, 178, 171, 231, 298]"
647,18,"[143, 105, 122, 135, 92, 142, 99, 101, 9889, 135, 127, 70, 76, 53, 147, 175, 169, 153]"
648,6,"[149, 94, 7664, 123, 143, 57]"
649,12,"[196, 112, 200, 245, 259, 237, 106, 105, 132, 136, 138, 233]"
650,7,"[273, 167, 281, 115, 200, 194, 150]"
651,15,"[201, 270, 247, 255, 199, 226, 206, 129, 131, 257, 259, 293, 103, 277, 277]"
652,20,"[183, 103, 206, 236, 241, 243, 118, 148, 263, 173, 227, 238, 275, 227, 262, 196, 282, 284, 273, 109]"
653,7,"[257, 266, 157, 244, 246, 170, 298]"
654,5,"[143, 6633, 57, 59, 83]"
655,9,"[184, 119, 101, 265, 152, 134, 193, 200, 216]"
656,19,"[256, 148, 291, 235, 200, 243, 249, 206, 149, 195, 161, 266, 118, 107, 212, 251, 297, 268, 216]"
657,9,"[88, 196, 90, 135, 128, 71, 56, 8293, 61]"
658,18,"[179, 150, 187, 195, 156, 265, 115, 286, 215, 123, 134, 221, 172, 235, 160, 108, 119, 300]"
659,15,"[240, 113, 135, 222, 229, 105, 242, 190, 297, 215, 138, 175, 228, 185, 193]"
660,9,"[185, 206, 160, 181, 271, 211, 231, 183, 173]"
661,20,"[115, 246, 144, 285, 226, 233, 185, 171, 205, 269, 134, 213, 198, 154, 216, 253, 126, 125, 278, 243]"
662,13,"[7161, 198, 119, 180, 158, 84, 175, 130, 92, 134, 96, 78, 103]"
663,17,"[137, 172, 205, 246, 159, 295, 124, 152, 253, 171, 296, 204, 186, 290, 225, 285, 286]"
664,13,"[148, 106, 120, 193, 76, 5999, 128, 92, 67, 189, 119, 131, 149]"
665,18,"[138, 117, 294, 248, 239, 221, 207, 117, 228, 261, 247, 151, 228, 258, 155, 233, 254, 132]"
666,9,"[119, 232, 113, 248, 264, 118, 206, 254, 153]"
667,5,"[213, 102, 293, 129, 169]"
668,11,"[266, 269, 232, 143, 246, 204, 279, 260, 279, 135, 209]"
669,14,"[212, 214, 183, 130, 245, 223, 103, 294, 173, 263, 223, 247, 101, 291]"
670,12,"[174, 300, 241, 219, 280, 100, 229, 285, 168, 280, 191, 115]"
671,18,"[145, 265, 137, 287, 207, 220, 122, 112, 184, 244, 172, 296, 181, 191, 212, 142, 117, 249]"
672,18,"[128, 167, 188, 282, 148, 251, 277, 123, 156, 269, 134, 160, 191, 161, 162, 300, 187, 100]"
673,6,"[200, 261, 284, 207, 126, 148]"
674,18,"[178, 170, 183, 252, 202, 248, 126, 125, 271, 194, 249, 167, 202, 129, 219, 299, 235, 287]"
675,11,"[8816, 140, 132, 103, 104, 81, 153, 190, 117, 178, 173]"
676,5,"[215, 109, 185, 216, 252]"
677,9,"[176, 116, 100, 132, 174, 185, 143, 173, 281]"
678,9,"[280, 300, 185, 243, 141, 293, 213, 142, 202]"
679,10,"[106, 199, 227, 178, 284, 110, 228, 129, 154, 177]"
680,8,"[202, 200, 236, 117, 195, 113, 151, 274]"
681,11,"[152, 168, 79, 87, 9970, 147, 74, 134, 177, 70, 188]"
682,18,"[154, 130, 168, 112, 173, 293, 237, 259, 138, 145, 182, 287, 295, 297, 248, 236, 219, 268]"
683,13,"[134, 214, 106, 165, 100, 137, 156, 230, 160, 104, 217, 240, 172]"
684,12,"[296, 258, 135, 227, 205, 192, 172, 138, 109, 125, 220, 127]"
685,9,"[131, 124, 184, 120, 121, 263, 262, 258, 175]"
686,8,"[128, 104, 7869, 154, 170, 74, 102, 92]"
687,5,"[7720, 133, 116, 154, 181]"
688,11,"[142, 8836, 177, 61, 74, 100, 113, 95, 195, 147, 56]"
689,18,"[126, 233, 227, 290, 191, 222, 146, 138, 207, 269, 128, 276, 281, 113, 270, 256, 104, 177]"
690,15,"[117, 59, 173, 5102, 164, 82, 122, 169, 111, 191, 111, 51, 158, 52, 63]"
691,12,"[169, 60, 141, 91, 169, 174, 8881, 89, 115, 85, 104, 100]"
692,15,"[96, 113, 176, 93, 123, 186, 98, 105, 125, 51, 134, 8917, 161, 172, 60]"
693,19,"[106, 221, 162, 296, 135, 119, 226, 288, 258, 269, 113, 151, 146, 183, 199, 143, 241, 212, 139]"
694,17,"[127, 161, 256, 122, 166, 118, 138, 298, 185, 233, 209, 199, 299, 199, 231, 112, 257]"
695,11,"[283, 277, 250, 149, 143, 219, 260, 145, 200, 231, 288]"
696,14,"[163, 152, 120, 89, 196, 95, 94, 7776, 68, 78, 61, 152, 90, 156]"
697,19,"[283, 224, 286, 103, 192, 136, 202, 225, 146, 187, 101, 137, 195, 157, 169, 247, 108, 158, 125]"
698,10,"[190, 246, 104, 240, 220, 124, 272, 253, 127, 284]"
699,18,"[119, 157, 76, 90, 186, 50, 6856, 148, 169, 78, 71, 131, 120, 89, 135, 122, 172, 153]"
700,20,"[192, 293, 210, 194, 110, 250, 153, 264, 101, 124, 260, 196, 253, 275, 293, 165, 129, 101, 183, 165]"
701,19,"[142, 291, 168, 296, 280, 170, 172, 276, 291, 207, 150, 291, 292, 221, 147, 199, 258, 265, 124]"
702,13,"[168, 298, 107, 239, 186, 270, 241, 220, 147, 232, 142, 102, 156]"
703,17,"[186, 67, 122, 167, 139, 90, 140, 162, 106, 115, 139, 185, 8902, 141, 160, 178, 132]"
704,19,"[145, 8656, 198, 139, 191, 120, 172, 66, 65, 179, 136, 53, 115, 156, 190, 55, 70, 83, 64]"
705,13,"[104, 102, 158, 143, 210, 160, 122, 242, 171, 156, 245, 268, 129]"
706,19,"[190, 142, 72, 94, 69, 166, 144, 194, 69, 133, 6704, 192, 51, 50, 120, 118, 132, 123, 171]"
707,12,"[157, 164, 152, 93, 110, 100, 194, 5892, 105, 59, 131, 95]"
708,18,"[149, 270, 129, 209, 225, 232, 172, 112, 217, 126, 119, 248, 271, 117, 159, 265, 115, 298]"
709,5,"[218, 158, 220, 226, 300]"
710,11,"[209, 219, 271, 297, 218, 253, 291, 197, 217, 208, 143]"
711,10,"[183, 228, 166, 125, 156, 193, 245, 132, 180, 184]"
712,12,"[198, 165, 143, 283, 130, 168, 151, 206, 101, 281, 202, 115]"
713,8,"[201, 119, 115, 271, 144, 106, 174, 202]"
714,12,"[189, 166, 111, 290, 197, 153, 186, 105, 173, 106, 231, 298]"
715,13,"[83, 5487, 193, 166, 61, 151, 54, 77, 168, 158, 51, 177, 103]"
716,20,"[228, 282, 141, 211, 259, 121, 242, 257, 284, 208, 155, 176, 113, 147, 298, 286, 160, 215, 176, 142]"
717,5,"[196, 50, 52, 158, 6205]"
718,14,"[151, 186, 137, 67, 194, 9986, 163, 184, 170, 66, 105, 124, 165, 171]"
719,15,"[244, 117, 145, 198, 259, 258, 275, 200, 206, 265, 244, 160, 169, 143, 296]"
720,9,"[298, 154, 263, 287, 287, 293, 263, 300, 137]"
721,20,"[277, 173, 201, 164, 157, 197, 229, 274, 115, 290, 262, 202, 239, 251, 224, 291, 234, 266, 148, 168]"
722,10,"[258, 143, 170, 122, 278, 200, 163, 234, 148, 269]"
723,13,"[98, 87, 6462, 92, 56, 195, 195, 131, 103, 55, 198, 163, 132]"
724,19,"[299, 150, 203, 119, 292, 218, 107, 179, 240, 260, 275, 202, 129, 209, 250, 105, 291, 137, 255]"
725,16,"[206, 299, 224, 232, 221, 234, 110, 219, 155, 125, 222, 194, 210, 273, 270, 274]"
726,5,"[98, 8392, 135, 167, 95]"
727,19,"[189, 119, 231, 293, 173, 133, 192, 115, 119, 164, 119, 232, 238, 105, 250, 102, 160, 182, 140]"
728,10,"[196, 225, 254, 242, 278, 168, 103, 196, 108, 264]"
729,6,"[194, 128, 128, 251, 238, 234]"
730,14,"[167, 270, 224, 290, 217, 299, 136, 257, 174, 288, 161, 112, 226, 257]"
731,19,"[116, 159, 174, 100, 61, 55, 129, 88, 65, 174, 5727, 104, 142, 117, 142, 176, 80, 187, 118]"
732,16,"[124, 155, 114, 9711, 197, 117, 171, 99, 88, 98, 76, 185, 163, 141, 145, 195]"
733,7,"[103, 71, 7958, 82, 83, 144, 122]"
734,5,"[189, 171, 223, 102, 258]"
735,18,"[245, 211, 164, 184, 145, 162, 191, 288, 237, 126, 110, 170, 285, 296, 236, 177, 281, 194]"
736,5,"[219, 149, 242, 195, 120]"
737,14,"[119, 112, 172, 289, 162, 176, 259, 212, 175, 176, 238, 272, 202, 120]"
738,7,"[202, 256, 255, 189, 155, 288, 145]"
739,18,"[173, 229, 236, 210, 213, 184, 285, 166, 101, 158, 254, 268, 297, 264, 172, 278, 247, 135]"
740,7,"[180, 195, 190, 157, 176, 293, 252]"
741,7,"[118, 266, 106, 184, 243, 118, 124]"
742,9,"[154, 219, 269, 165, 177, 191, 230, 276, 172]"
743,11,"[101, 214, 245, 153, 245, 299, 270, 201, 128, 299, 212]"
744,8,"[91, 5310, 139, 169, 66, 110, 126, 127]"
745,8,"[116, 195, 183, 88, 8515, 200, 69, 198]"
746,15,"[86, 8751, 125, 90, 85, 184, 51, 180, 165, 121, 165, 103, 87, 158, 61]"
747,12,"[76, 196, 130, 165, 112, 187, 64, 66, 188, 75, 7708, 150]"
748,7,"[287, 172, 217, 273, 164, 163, 119]"
749,13,"[121, 165, 257, 261, 264, 274, 246, 159, 125, 281, 184, 172, 158]"
750,13,"[202, 190, 272, 227, 219, 139, 160, 274, 250, 147, 297, 171, 287]"
751,17,"[292, 293, 221, 134, 287, 182, 283, 173, 186, 192, 194, 230, 215, 271, 171, 166, 211]"
752,11,"[174, 50, 135, 85, 145, 90, 50, 85, 128, 154, 6461]"
753,11,"[189, 230, 130, 188, 138, 254, 146, 224, 276, 108, 111]"
754,10,"[132, 70, 145, 111, 194, 9030, 178, 139, 105, 56]"
755,5,"[183, 180, 225, 167, 204]"
756,19,"[172, 289, 207, 191, 145, 246, 248, 127, 145, 254, 205, 133, 242, 184, 239, 132, 128, 179, 130]"
757,9,"[268, 189, 124, 180, 213, 108, 226, 169, 151]"
758,14,"[246, 189, 261, 212, 161, 113, 273, 153, 232, 149, 126, 184, 272, 109]"
759,14,"[96, 63, 7099, 82, 200, 173, 192, 179, 102, 131, 165, 132, 110, 126]"
760,12,"[141, 126, 110, 236, 289, 252, 165, 159, 205, 150, 175, 271]"
761,17,"[107, 127, 153, 272, 130, 264, 150, 252, 148, 207, 158, 181, 188, 206, 243, 199, 182]"
762,16,"[93, 156, 76, 104, 117, 199, 5155, 101, 110, 145, 135, 82, 161, 59, 196, 110]"
763,12,"[123, 81, 162, 160, 52, 122, 56, 112, 7156, 154, 158, 88]"
764,8,"[265, 280, 155, 112, 145, 113, 219, 206]"
765,5,"[287, 271, 295, 189, 129]"
766,16,"[245, 162, 141, 292, 163, 187, 231, 246, 153, 162, 259, 254, 291, 208, 230, 167]"
767,8,"[256, 100, 183, 105, 233, 127, 117, 297]"
768,7,"[250, 292, 149, 298, 275, 282, 153]"
769,7,"[128, 248, 243, 264, 276, 241, 202]"
770,20,"[212, 221, 217, 243, 153, 115, 144, 295, 291, 171, 107, 187, 172, 207, 179, 125, 265, 223, 266, 290]"
771,6,"[291, 129, 191, 121, 255, 210]"
772,14,"[257, 232, 209, 146, 163, 165, 284, 140, 211, 146, 165, 134, 177, 252]"
773,17,"[166, 154, 300, 250, 288, 263, 111, 154, 263, 138, 155, 125, 127, 211, 275, 104, 122]"
774,17,"[136, 125, 258, 149, 190, 212, 120, 270, 125, 232, 224, 187, 103, 270, 176, 288, 290]"
775,5,"[129, 126, 111, 104, 177]"
776,5,"[291, 225, 190, 166, 298]"
777,6,"[153, 134, 143, 160, 105, 9050]"
778,13,"[164, 229, 111, 181, 117, 159, 125, 186, 231, 157, 204, 158, 172]"
779,10,"[166, 101, 200, 213, 211, 151, 287, 146, 241, 138]"
780,17,"[183, 62, 129, 5825, 80, 96, 131, 79, 62, 51, 126, 156, 191, 171, 162, 190, 90]"
781,16,"[112, 246, 224, 217, 149, 195, 220, 114, 280, 204, 258, 188, 185, 101, 143, 129]"
782,19,"[6841, 119, 165, 109, 67, 115, 130, 94, 80, 140, 55, 104, 186, 80, 191, 130, 177, 189, 121]"
783,19,"[164, 113, 159, 89, 185, 155, 9720, 104, 133, 64, 156, 191, 55, 82, 194, 161, 91, 190, 128]"
784,19,"[102, 63, 184, 142, 151, 9948, 147, 55, 164, 127, 159, 193, 110, 142, 143, 127, 161, 100, 116]"
785,14,"[228, 274, 128, 200, 152, 162, 298, 177, 153, 221, 186, 150, 295, 110]"
786,5,"[185, 143, 114, 134, 9175]"
787,12,"[152, 191, 167, 175, 109, 243, 171, 201, 274, 237, 158, 240]"
788,15,"[159, 227, 123, 233, 146, 175, 236, 226, 158, 111, 229, 249, 177, 178, 271]"
789,10,"[269, 241, 175, 196, 114, 125, 144, 172, 226, 287]"
790,8,"[265, 269, 217, 141, 150, 210, 282, 246]"
791,20,"[152, 235, 178, 135, 132, 165, 257, 275, 292, 170, 249, 100, 244, 263, 207, 152, 158, 112, 261, 254]"
792,7,"[241, 284, 124, 157, 198, 199, 209]"
793,17,"[214, 256, 214, 253, 254, 102, 210, 255, 202, 222, 274, 125, 201, 129, 202, 258, 282]"
794,13,"[190, 169, 240, 191, 109, 217, 206, 191, 282, 238, 202, 283, 197]"
795,19,"[264, 258, 291, 292, 122, 244, 123, 300, 239, 196, 110, 224, 291, 159, 177, 129, 202, 203, 146]"
796,14,"[8308, 64, 185, 187, 158, 195, 57, 152, 93, 173, 76, 68, 163, 188]"
797,18,"[256, 139, 272, 240, 197, 237, 135, 107, 146, 117, 233, 282, 193, 229, 158, 296, 196, 153]"
798,11,"[257, 158, 213, 278, 202, 196, 107, 199, 224, 191, 203]"
799,16,"[161, 258, 283, 115, 210, 150, 129, 254, 235, 243, 251, 172, 145, 213, 193, 224]"
800,8,"[155, 288, 177, 202, 127, 246, 237, 167]"
801,13,"[132, 291, 151, 115, 267, 231, 109, 233, 167, 286, 288, 117, 216]"
802,17,"[251, 243, 269, 200, 182, 139, 280, 158, 234, 229, 159, 263, 149, 146, 267, 193, 249]"
803,6,"[238, 152, 216, 277, 202, 266]"
804,14,"[257, 241, 167, 146, 266, 122, 101, 196, 178, 282, 162, 197, 166, 295]"
805,5,"[280, 255, 173, 251, 169]"
806,15,"[88, 54, 193, 155, 86, 92, 108, 186, 149, 6111, 162, 141, 192, 157, 107]"
807,8,"[50, 198, 149, 6371, 99, 149, 60, 162]"
808,12,"[144, 58, 172, 60, 77, 191, 143, 129, 97, 138, 55, 8859]"
809,16,"[135, 177, 71, 167, 121, 190, 147, 55, 101, 5322, 50, 172, 131, 146, 117, 195]"
810,15,"[107, 121, 126, 144, 274, 127, 135, 124, 265, 201, 139, 274, 221, 114, 272]"
811,15,"[181, 165, 75, 132, 55, 192, 8427, 57, 179, 60, 55, 113, 153, 152, 164]"
812,17,"[72, 152, 57, 65, 141, 74, 98, 64, 82, 6671, 188, 79, 148, 186, 188, 95, 164]"
813,11,"[287, 123, 179, 271, 182, 238, 203, 248, 148, 261, 162]"
814,5,"[6274, 120, 59, 59, 193]"
815,11,"[279, 276, 172, 250, 219, 281, 106, 169, 277, 119, 205]"
816,8,"[157, 129, 274, 174, 206, 295, 291, 112]"
817,9,"[152, 98, 122, 9506, 128, 170, 193, 152, 199]"
818,20,"[205, 137, 127, 174, 246, 133, 170, 169, 266, 145, 277, 263, 244, 295, 241, 106, 235, 196, 138, 138]"
819,11,"[163, 212, 173, 258, 165, 134, 230, 101, 240, 299, 203]"
820,20,"[188, 182, 194, 111, 134, 54, 77, 155, 74, 133, 108, 50, 95, 6770, 87, 199, 142, 103, 192, 166]"
821,20,"[201, 278, 105, 297, 266, 193, 165, 166, 291, 245, 123, 139, 154, 285, 261, 271, 213, 291, 263, 100]"
822,18,"[247, 299, 271, 279, 300, 274, 211, 288, 297, 184, 248, 242, 226, 273, 252, 215, 271, 112]"
823,8,"[151, 228, 101, 193, 250, 210, 193, 160]"
824,11,"[264, 120, 272, 126, 173, 265, 280, 128, 275, 247, 189]"
825,19,"[177, 264, 189, 254, 187, 196, 166, 189, 199, 208, 294, 286, 241, 112, 296, 116, 293, 252, 235]"
826,15,"[197, 147, 164, 72, 197, 183, 159, 92, 98, 56, 80, 180, 56, 5190, 195]"
827,6,"[283, 280, 194, 188, 198, 210]"
828,5,"[239, 143, 218, 177, 220]"
829,20,"[278, 214, 211, 244, 211, 236, 285, 112, 185, 222, 104, 260, 227, 124, 111, 198, 271, 241, 151, 161]"
830,6,"[145, 108, 178, 211, 204, 109]"
831,17,"[251, 280, 153, 177, 264, 115, 158, 211, 255, 101, 116, 175, 186, 100, 246, 154, 132]"
832,15,"[98, 99, 50, 194, 71, 120, 113, 56, 91, 155, 100, 60, 118, 8682, 75]"
833,7,"[174, 148, 279, 280, 113, 193, 202]"
834,18,"[287, 125, 260, 220, 107, 162, 131, 272, 113, 299, 135, 165, 278, 269, 255, 258, 142, 214]"
835,11,"[56, 54, 85, 153, 83, 139, 120, 136, 190, 6803, 117]"
836,12,"[244, 141, 120, 269, 282, 274, 116, 223, 206, 220, 279, 290]"
837,12,"[7479, 100, 160, 66, 51, 169, 139, 173, 155, 86, 149, 89]"
838,9,"[273, 188, 227, 150, 104, 168, 161, 221, 269]"
839,15,"[288, 129, 182, 104, 263, 275, 254, 205, 143, 263, 203, 102, 165, 142, 297]"
840,10,"[200, 163, 177, 199, 72, 140, 8508, 134, 166, 183]"
841,10,"[263, 270, 244, 209, 102, 246, 154, 199, 169, 129]"
842,18,"[230, 159, 176, 274, 142, 273, 133, 173, 204, 268, 194, 255, 274, 105, 197, 230, 142, 256]"
843,13,"[291, 281, 287, 199, 147, 132, 293, 196, 256, 234, 202, 191, 128]"
844,14,"[159, 159, 264, 166, 108, 298, 105, 290, 195, 230, 100, 132, 122, 246]"
845,14,"[236, 164, 151, 284, 177, 288, 288, 213, 191, 205, 116, 291, 200, 195]"
846,12,"[149, 203, 147, 182, 179, 248, 236, 216, 167, 187, 239, 173]"
847,13,"[128, 68, 62, 157, 164, 64, 53, 8263, 52, 114, 179, 144, 179]"
848,14,"[266, 142, 295, 112, 226, 206, 163, 260, 183, 251, 238, 177, 227, 187]"
849,20,"[87, 183, 130, 119, 110, 94, 159, 181, 151, 156, 148, 198, 54, 52, 121, 7845, 95, 153, 81, 183]"
850,10,"[214, 104, 115, 283, 275, 276, 235, 194, 287, 173]"
851,9,"[279, 124, 219, 279, 173, 160, 138, 249, 224]"
852,19,"[281, 120, 271, 164, 148, 185, 219, 201, 279, 174, 297, 168, 111, 222, 265, 272, 191, 180, 129]"
853,13,"[142, 234, 102, 233, 227, 129, 189, 242, 290, 146, 241, 248, 184]"
854,5,"[140, 175, 120, 222, 281]"
855,14,"[209, 237, 278, 263, 229, 241, 103, 188, 274, 131, 145, 300, 284, 189]"
856,14,"[279, 212, 226, 113, 173, 141, 248, 262, 140, 131, 198, 230, 158, 249]"
857,6,"[239, 262, 137, 274, 124, 224]"
858,18,"[164, 183, 72, 52, 139, 106, 105, 184, 150, 80, 164, 138, 96, 75, 187, 59, 177, 6495]"
859,19,"[145, 166, 164, 131, 150, 241, 238, 243, 160, 296, 190, 206, 254, 256, 218, 103, 254, 254, 263]"
860,12,"[153, 255, 128, 213, 242, 286, 179, 181, 132, 257, 244, 225]"
861,14,"[51, 90, 80, 135, 147, 127, 99, 179, 150, 116, 173, 7450, 110, 130]"
862,12,"[177, 175, 185, 195, 120, 102, 198, 183, 99, 161, 181, 9435]"
863,19,"[69, 170, 183, 173, 196, 189, 179, 148, 172, 168, 53, 80, 9101, 183, 123, 138, 92, 196, 172]"
864,20,"[141, 273, 112, 213, 193, 101, 276, 185, 235, 144, 196, 278, 143, 184, 273, 241, 117, 147, 100, 255]"
865,14,"[160, 263, 175, 198, 217, 203, 226, 296, 209, 195, 299, 221, 233, 126]"
866,14,"[271, 182, 121, 232, 216, 224, 146, 237, 105, 273, 197, 103, 280, 126]"
867,18,"[112, 222, 144, 276, 238, 300, 269, 185, 274, 149, 209, 274, 195, 242, 141, 138, 274, 291]"
868,18,"[171, 86, 175, 8634, 165, 188, 122, 125, 57, 57, 150, 115, 57, 85, 132, 78, 96, 177]"
869,18,"[210, 125, 251, 298, 186, 130, 193, 140, 281, 131, 189, 157, 269, 207, 119, 158, 271, 166]"
870,6,"[124, 232, 239, 247, 252, 264]"
871,18,"[106, 182, 210, 156, 282, 106, 202, 288, 273, 298, 157, 202, 151, 239, 233, 202, 118, 247]"
872,12,"[241, 234, 237, 109, 173, 188, 126, 114, 134, 249, 134, 138]"
873,6,"[281, 298, 119, 172, 281, 173]"
874,20,"[270, 108, 208, 104, 208, 265, 165, 126, 250, 118, 207, 284, 192, 225, 145, 187, 108, 299, 246, 217]"
875,15,"[226, 279, 110, 127, 201, 293, 158, 103, 277, 207, 257, 290, 239, 246, 287]"
876,19,"[124, 181, 189, 167, 277, 132, 166, 178, 295, 184, 187, 239, 214, 141, 215, 224, 164, 218, 275]"
877,17,"[183, 300, 129, 299, 254, 118, 225, 142, 285, 202, 228, 148, 212, 251, 205, 107, 254]"
878,16,"[167, 139, 6707, 176, 139, 116, 102, 54, 53, 178, 114, 92, 178, 53, 70, 67]"
879,15,"[168, 214, 146, 195, 208, 105, 259, 245, 156, 264, 209, 224, 255, 109, 243]"
880,18,"[290, 166, 216, 181, 278, 171, 245, 297, 196, 261, 191, 264, 243, 130, 198, 107, 202, 194]"
881,19,"[256, 183, 142, 236, 296, 205, 292, 175, 113, 207, 162, 265, 139, 252, 200, 155, 133, 258, 132]"
882,16,"[190, 70, 93, 195, 67, 54, 112, 161, 126, 184, 96, 138, 5578, 81, 149, 195]"
883,18,"[117, 207, 171, 249, 190, 252, 297, 206, 217, 189, 241, 300, 295, 155, 111, 153, 134, 235]"
884,5,"[141, 104, 183, 175, 186]"
885,7,"[142, 173, 117, 6356, 149, 180, 123]"
886,14,"[106, 253, 168, 243, 138, 218, 242, 123, 232, 267, 237, 246, 290, 105]"
887,16,"[237, 243, 295, 191, 180, 106, 142, 116, 200, 103, 162, 127, 119, 238, 205, 266]"
888,12,"[281, 261, 190, 111, 263, 286, 266, 226, 185, 148, 263, 192]"
889,17,"[205, 126, 257, 242, 220, 246, 111, 223, 123, 218, 111, 116, 254, 161, 250, 180, 190]"
890,18,"[92, 70, 72, 197, 70, 60, 119, 168, 104, 183, 67, 120, 8623, 157, 83, 54, 132, 184]"
891,14,"[142, 149, 251, 273, 264, 156, 198, 217, 150, 139, 225, 268, 288, 234]"
892,15,"[173, 178, 8755, 65, 89, 145, 85, 91, 130, 146, 198, 153, 117, 179, 132]"
893,19,"[159, 177, 287, 196, 249, 122, 126, 127, 135, 255, 103, 169, 182, 178, 219, 236, 281, 226, 194]"
894,8,"[88, 5669, 190, 114, 137, 56, 93, 88]"
895,15,"[220, 217, 160, 175, 172, 263, 216, 111, 176, 160, 178, 134, 117, 271, 210]"
896,20,"[75, 88, 57, 187, 161, 164, 60, 190, 88, 99, 100, 64, 76, 77, 142, 131, 5306, 54, 118, 114]"
897,18,"[114, 161, 142, 151, 165, 265, 245, 239, 208, 147, 287, 225, 243, 149, 133, 288, 181, 227]"
898,5,"[267, 100, 196, 287, 268]"
899,13,"[244, 298, 117, 246, 190, 236, 148, 265, 243, 196, 292, 131, 155]"
900,9,"[191, 62, 7143, 103, 179, 120, 165, 73, 72]"
901,10,"[205, 164, 172, 194, 143, 300, 162, 101, 163, 153]"
902,10,"[206, 265, 268, 298, 254, 105, 220, 291, 286, 180]"
903,20,"[153, 66, 168, 89, 137, 115, 191, 82, 64, 68, 145, 83, 54, 9548, 145, 137, 155, 59, 126, 199]"
904,15,"[246, 104, 215, 187, 122, 261, 239, 196, 118, 215, 156, 192, 171, 176, 127]"
905,8,"[92, 138, 157, 8995, 193, 139, 102, 51]"
906,5,"[57, 103, 197, 9192, 78]"
907,10,"[229, 252, 296, 232, 280, 125, 139, 277, 104, 253]"
908,5,"[178, 126, 180, 248, 288]"
909,18,"[81, 145, 182, 182, 108, 70, 94, 89, 141, 58, 7118, 86, 73, 79, 178, 175, 147, 75]"
910,13,"[169, 108, 115, 136, 268, 293, 156, 219, 153, 257, 198, 224, 260]"
911,6,"[156, 52, 194, 134, 8439, 57]"
912,14,"[243, 113, 199, 215, 231, 164, 176, 148, 287, 255, 106, 169, 178, 143]"
913,18,"[155, 292, 271, 136, 122, 289, 146, 192, 220, 128, 255, 205, 293, 262, 196, 212, 119, 213]"
914,14,"[285, 169, 179, 105, 179, 198, 275, 225, 253, 149, 103, 109, 280, 119]"
915,19,"[251, 228, 296, 282, 202, 111, 181, 104, 223, 163, 232, 231, 246, 275, 283, 236, 169, 145, 264]"
916,13,"[300, 215, 151, 184, 180, 223, 208, 112, 277, 181, 272, 151, 284]"
917,8,"[203, 106, 213, 277, 252, 254, 121, 248]"
918,13,"[228, 155, 235, 220, 152, 179, 178, 219, 297, 217, 152, 216, 108]"
919,9,"[184, 134, 125, 245, 172, 283, 206, 244, 117]"
920,8,"[75, 104, 149, 112, 82, 55, 6757, 145]"
921,13,"[187, 145, 164, 126, 233, 242, 146, 173, 139, 251, 165, 118, 289]"
922,17,"[192, 201, 112, 212, 142, 183, 218, 150, 226, 186, 113, 232, 255, 236, 155, 174, 167]"
923,18,"[132, 269, 273, 296, 155, 229, 129, 228, 101, 212, 174, 102, 150, 219, 216, 157, 225, 224]"
924,10,"[8952, 130, 162, 81, 127, 179, 107, 113, 125, 191]"
925,9,"[64, 60, 52, 142, 108, 129, 8234, 174, 175]"
926,15,"[153, 191, 193, 199, 198, 65, 77, 98, 60, 8540, 106, 51, 94, 199, 188]"
927,13,"[125, 168, 130, 100, 7064, 172, 86, 153, 58, 143, 163, 197, 51]"
928,10,"[240, 202, 146, 157, 112, 204, 203, 175, 125, 231]"
929,6,"[134, 102, 133, 208, 169, 253]"
930,16,"[239, 133, 294, 128, 284, 172, 181, 165, 183, 187, 181, 265, 271, 103, 250, 258]"
931,20,"[190, 184, 184, 64, 150, 81, 8423, 144, 160, 200, 73, 93, 115, 135, 179, 164, 101, 60, 168, 180]"
932,20,"[56, 8274, 107, 93, 165, 144, 176, 67, 174, 155, 174, 140, 119, 67, 95, 121, 170, 137, 181, 175]"
933,16,"[97, 168, 138, 137, 159, 7726, 114, 101, 141, 63, 64, 114, 193, 69, 135, 63]"
934,6,"[8452, 53, 164, 193, 125, 90]"
935,15,"[237, 281, 150, 207, 158, 273, 128, 286, 154, 285, 133, 141, 231, 259, 267]"
936,19,"[204, 220, 144, 138, 219, 133, 276, 290, 158, 135, 113, 166, 117, 189, 258, 133, 195, 124, 130]"
937,6,"[171, 9210, 68, 79, 171, 65]"
938,12,"[281, 135, 199, 204, 116, 237, 207, 163, 128, 156, 201, 172]"
939,18,"[267, 180, 169, 108, 272, 252, 161, 114, 300, 149, 266, 128, 294, 170, 151, 268, 278, 243]"
940,5,"[113, 284, 297, 125, 271]"
941,11,"[127, 214, 116, 107, 276, 284, 208, 122, 153, 220, 238]"
942,12,"[287, 163, 153, 221, 278, 143, 165, 259, 152, 293, 264, 155]"
943,9,"[174, 180, 73, 70, 140, 85, 6181, 181, 185]"
944,11,"[219, 112, 107, 127, 255, 277, 224, 242, 150, 120, 254]"
945,20,"[184, 161, 237, 242, 160, 157, 257, 126, 140, 138, 289, 139, 170, 158, 197, 297, 284, 242, 194, 135]"
946,8,"[100, 235, 132, 219, 204, 162, 285, 260]"
947,13,"[65, 81, 68, 127, 159, 122, 120, 115, 131, 123, 5764, 158, 166]"
948,9,"[236, 196, 142, 179, 115, 181, 289, 167, 142]"
949,13,"[289, 131, 285, 135, 136, 294, 169, 152, 203, 129, 261, 298, 110]"
950,5,"[110, 164, 286, 174, 226]"
951,18,"[218, 243, 269, 203, 145, 200, 134, 278, 275, 121, 263, 220, 184, 220, 122, 247, 282, 279]"
952,15,"[148, 108, 242, 246, 121, 297, 144, 188, 226, 277, 244, 121, 163, 141, 106]"
953,14,"[158, 249, 209, 243, 130, 277, 103, 104, 128, 195, 278, 175, 268, 254]"
954,12,"[231, 118, 102, 109, 135, 100, 294, 296, 246, 217, 201, 161]"
955,6,"[160, 281, 272, 174, 194, 254]"
956,15,"[86, 187, 146, 163, 109, 185, 148, 62, 195, 75, 165, 55, 57, 67, 6287]"
957,17,"[200, 156, 121, 158, 219, 172, 234, 251, 137, 178, 218, 262, 148, 289, 239, 282, 239]"
958,16,"[155, 91, 195, 65, 76, 136, 108, 78, 162, 184, 161, 5224, 92, 173, 101, 124]"
959,14,"[294, 259, 190, 248, 176, 232, 153, 125, 205, 257, 137, 236, 276, 276]"
960,12,"[165, 114, 8822, 106, 131, 133, 118, 59, 103, 66, 72, 98]"
961,8,"[180, 260, 129, 151, 246, 260, 274, 278]"
962,14,"[121, 184, 108, 120, 222, 267, 184, 122, 270, 231, 279, 275, 216, 179]"
963,8,"[229, 289, 287, 179, 286, 141, 279, 107]"
964,20,"[188, 196, 189, 270, 281, 229, 230, 247, 150, 103, 296, 247, 143, 117, 102, 256, 297, 189, 182, 103]"
965,8,"[8395, 88, 55, 154, 157, 80, 136, 83]"
966,14,"[269, 163, 247, 199, 215, 243, 137, 216, 287, 284, 199, 248, 205, 231]"
967,10,"[225, 193, 241, 275, 120, 226, 152, 246, 187, 299]"
968,5,"[224, 225, 114, 154, 276]"
969,15,"[181, 297, 198, 197, 269, 154, 259, 287, 148, 176, 156, 124, 228, 156, 236]"
970,14,"[194, 126, 186, 270, 219, 300, 245, 197, 250, 209, 238, 287, 147, 265]"
971,5,"[125, 280, 223, 167, 112]"
972,14,"[175, 295, 295, 213, 136, 288, 252, 253, 129, 258, 102, 209, 244, 219]"
973,9,"[172, 223, 297, 159, 284, 164, 236, 109, 208]"
974,13,"[207, 160, 143, 134, 254, 173, 197, 159, 289, 197, 157, 162, 157]"
975,17,"[140, 191, 104, 269, 267, 217, 172, 211, 136, 147, 251, 239, 270, 222, 262, 246, 282]"
976,8,"[217, 145, 241, 265, 208, 183, 115, 197]"
977,11,"[68, 5095, 173, 105, 55, 109, 155, 182, 97, 100, 113]"
978,8,"[157, 104, 219, 178, 199, 108, 172, 125]"
979,17,"[200, 57, 190, 101, 64, 52, 60, 8940, 125, 78, 162, 56, 128, 106, 65, 75, 155]"
980,19,"[225, 284, 151, 206, 259, 257, 101, 279, 256, 148, 293, 224, 211, 300, 190, 190, 212, 251, 139]"
981,13,"[61, 173, 181, 117, 54, 63, 82, 60, 145, 146, 8125, 50, 77]"
982,14,"[104, 293, 116, 226, 128, 169, 298, 113, 258, 223, 100, 185, 254, 264]"
983,20,"[267, 276, 118, 109, 174, 200, 298, 255, 161, 240, 116, 187, 202, 114, 235, 245, 263, 227, 179, 220]"
984,9,"[293, 245, 257, 176, 197, 220, 286, 171, 172]"
985,11,"[70, 120, 161, 6649, 61, 119, 87, 113, 193, 149, 52]"
986,18,"[110, 110, 147, 109, 116, 109, 100, 200, 138, 166, 70, 63, 9660, 91, 185, 70, 132, 192]"
987,9,"[153, 156, 290, 110, 231, 256, 293, 187, 168]"
988,10,"[175, 223, 118, 199, 295, 131, 157, 107, 126, 135]"
989,11,"[134, 185, 157, 168, 200, 215, 280, 180, 205, 194, 297]"
990,20,"[241, 200, 205, 156, 267, 198, 217, 102, 217, 124, 202, 143, 100, 227, 171, 265, 272, 103, 168, 271]"
991,20,"[293, 180, 267, 120, 225, 213, 249, 106, 276, 264, 101, 158, 223, 266, 127, 183, 122, 299, 193, 236]"
992,16,"[141, 236, 253, 175, 119, 291, 205, 242, 225, 156, 117, 231, 286, 121, 282, 208]"
993,7,"[217, 294, 257, 230, 270, 297, 266]"
994,5,"[151, 192, 171, 6101, 92]"
995,6,"[170, 125, 177, 226, 127, 147]"
996,5,"[195, 161, 300, 299, 216]"
997,13,"[89, 171, 113, 67, 83, 5874, 105, 109, 105, 122, 163, 115, 82]"
998,20,"[134, 158, 179, 162, 116, 123, 94, 174, 80, 174, 113, 153, 128, 65, 161, 65, 93, 97, 5029, 67]"
999,20,"[280, 129, 183, 143, 158, 253, 143, 272, 125, 295, 209, 106, 271, 134, 119, 279, 122, 277, 264, 187]"
